org.keycloak.crypto.def.DefaultRsaKeyEncryptionJWEAlgorithmProvider.meth,obj_level(this),_implicit_conf_-exceptions_dumb_300_-dr_timeout=5m_cuddmem=8GiB_,pc âŠ” level(jcaAlgorithmName) âŠ” level(this) âŠ” obj_level(jcaAlgorithmName) âŠ” obj_level(this)
org.keycloak.crypto.def.DefaultRsaKeyEncryptionJWEAlgorithmProvider.meth,obj_level(jcaAlgorithmName),_implicit_conf_-exceptions_dumb_300_-dr_timeout=5m_cuddmem=8GiB_,pc âŠ” level(this) âŠ” obj_level(jcaAlgorithmName) âŠ” obj_level(this)
org.keycloak.crypto.def.DefaultRsaKeyEncryption256JWEAlgorithmProvider.meth,obj_level(jcaAlgorithmName),_implicit_conf_-exceptions_dumb_300_-dr_timeout=5m_cuddmem=8GiB_,pc âŠ” level(jcaAlgorithmName) âŠ” level(this) âŠ” obj_level(jcaAlgorithmName) âŠ” obj_level(this)
org.keycloak.crypto.def.DefaultRsaKeyEncryption256JWEAlgorithmProvider.meth,obj_level(this),_implicit_conf_-exceptions_dumb_300_-dr_timeout=5m_cuddmem=8GiB_,pc âŠ” level(jcaAlgorithmName) âŠ” level(this) âŠ” obj_level(jcaAlgorithmName) âŠ” obj_level(this)
org.keycloak.crypto.def.BCOCSPProvider$1.meth,obj_level(l2),_implicit_conf_-exceptions_dumb_300_-dr_timeout=5m_cuddmem=8GiB_,pc âŠ” level(l2) âŠ” level(l3) âŠ” level(l4) âŠ” level(this) âŠ” level(this$0) âŠ” obj_level(l2) âŠ” obj_level(l3) âŠ” obj_level(l4) âŠ” obj_level(this) âŠ” obj_level(this$0)
org.keycloak.crypto.def.BCOCSPProvider$1.meth,obj_level(this),_implicit_conf_-exceptions_dumb_300_-dr_timeout=5m_cuddmem=8GiB_,pc âŠ” level(l2) âŠ” level(l3) âŠ” level(l4) âŠ” level(this) âŠ” level(this$0) âŠ” obj_level(l2) âŠ” obj_level(l3) âŠ” obj_level(l4) âŠ” obj_level(this) âŠ” obj_level(this$0)
org.keycloak.crypto.def.BCOCSPProvider$1.meth,obj_level(l3),_implicit_conf_-exceptions_dumb_300_-dr_timeout=5m_cuddmem=8GiB_,pc âŠ” level(l2) âŠ” level(l3) âŠ” level(l4) âŠ” level(this) âŠ” level(this$0) âŠ” obj_level(l2) âŠ” obj_level(l3) âŠ” obj_level(l4) âŠ” obj_level(this) âŠ” obj_level(this$0)
org.keycloak.crypto.def.BCOCSPProvider$1.meth,obj_level(l4),_implicit_conf_-exceptions_dumb_300_-dr_timeout=5m_cuddmem=8GiB_,pc âŠ” level(l2) âŠ” level(l3) âŠ” level(l4) âŠ” level(this) âŠ” level(this$0) âŠ” obj_level(l2) âŠ” obj_level(l3) âŠ” obj_level(l4) âŠ” obj_level(this) âŠ” obj_level(this$0)
org.keycloak.crypto.def.BCOCSPProvider$1.meth,obj_level(this$0),_implicit_conf_-exceptions_dumb_300_-dr_timeout=5m_cuddmem=8GiB_,pc âŠ” level(l2) âŠ” level(l3) âŠ” level(l4) âŠ” level(this) âŠ” level(this$0) âŠ” obj_level(l2) âŠ” obj_level(l3) âŠ” obj_level(l4) âŠ” obj_level(this) âŠ” obj_level(this$0)
org.keycloak.crypto.def.BCUserIdentityExtractorProvider$SubjectAltNameExtractorBCProvider.meth,obj_level(this$0),_implicit_conf_-exceptions_dumb_300_-dr_timeout=5m_cuddmem=8GiB_,pc âŠ” level(this) âŠ” level(this$0) âŠ” obj_level(this) âŠ” obj_level(this$0)
org.keycloak.crypto.def.BCUserIdentityExtractorProvider$SubjectAltNameExtractorBCProvider.meth,obj_level(this),_implicit_conf_-exceptions_dumb_300_-dr_timeout=5m_cuddmem=8GiB_,pc âŠ” level(generalName) âŠ” level(this) âŠ” level(this$0) âŠ” obj_level(this) âŠ” obj_level(this$0)
org.keycloak.crypto.def.BCUserIdentityExtractorProvider.meth,obj_level(this),_implicit_conf_-exceptions_dumb_300_-dr_timeout=5m_cuddmem=8GiB_,pc âŠ” level(this) âŠ” obj_level(this)
org.keycloak.crypto.def.BCECDSACryptoProvider.meth,obj_level(this),_implicit_conf_-exceptions_dumb_300_-dr_timeout=5m_cuddmem=8GiB_,pc âŠ” level(this) âŠ” obj_level(this)
org.keycloak.crypto.def.AesKeyWrapAlgorithmProvider.meth,obj_level(this),_implicit_conf_-exceptions_dumb_300_-dr_timeout=5m_cuddmem=8GiB_,pc âŠ” level(this) âŠ” obj_level(this)
org.keycloak.crypto.def.BCPemUtilsProvider.meth,obj_level(this),_implicit_conf_-exceptions_dumb_300_-dr_timeout=5m_cuddmem=8GiB_,pc âŠ” level(this) âŠ” obj_level(this)
org.keycloak.crypto.def.DefaultCryptoProvider.meth,obj_level(this),_implicit_conf_-exceptions_dumb_300_-dr_timeout=5m_cuddmem=8GiB_,pc âŠ” level(this) âŠ” obj_level(this)
org.keycloak.crypto.def.BCUserIdentityExtractorProvider$X500NameRDNExtractorBCProvider.meth,obj_level(x500Name),_implicit_conf_-exceptions_dumb_300_-dr_timeout=5m_cuddmem=8GiB_,pc âŠ” level(this) âŠ” level(this$0) âŠ” obj_level(this) âŠ” obj_level(this$0) âŠ” obj_level(x500Name)
org.keycloak.crypto.def.BCUserIdentityExtractorProvider$X500NameRDNExtractorBCProvider.meth,obj_level(this),_implicit_conf_-exceptions_dumb_300_-dr_timeout=5m_cuddmem=8GiB_,pc âŠ” level(attrName) âŠ” level(this) âŠ” level(this$0) âŠ” level(x500Name) âŠ” obj_level(attrName) âŠ” obj_level(this) âŠ” obj_level(this$0) âŠ” obj_level(x500Name)
org.keycloak.crypto.def.BCUserIdentityExtractorProvider$X500NameRDNExtractorBCProvider.meth,obj_level(this$0),_implicit_conf_-exceptions_dumb_300_-dr_timeout=5m_cuddmem=8GiB_,pc âŠ” level(this) âŠ” level(this$0) âŠ” obj_level(this) âŠ” obj_level(this$0)
org.keycloak.crypto.def.BCCertificateUtilsProvider.meth,obj_level(this),_implicit_conf_-exceptions_dumb_300_-dr_timeout=5m_cuddmem=8GiB_,pc âŠ” level(this) âŠ” obj_level(this)
org.keycloak.crypto.def.BCOCSPProvider.meth,obj_level(this),_implicit_conf_-exceptions_dumb_300_-dr_timeout=5m_cuddmem=8GiB_,pc âŠ” level(this) âŠ” obj_level(this)
