org.keycloak.adapters.BasicAuthRequestAuthenticator.meth,obj_level(deployment),_implicit_conf_-exceptions_dumb_300_-dr_timeout=5m_cuddmem=8GiB_,pc ⊔ level(deployment) ⊔ level(this) ⊔ obj_level(deployment) ⊔ obj_level(this)
org.keycloak.adapters.BasicAuthRequestAuthenticator.meth,obj_level(this),_implicit_conf_-exceptions_dumb_300_-dr_timeout=5m_cuddmem=8GiB_,pc ⊔ level(deployment) ⊔ level(this) ⊔ obj_level(deployment) ⊔ obj_level(this)
org.keycloak.adapters.HttpClientBuilder$1.meth,obj_level(this),_implicit_conf_-exceptions_dumb_300_-dr_timeout=5m_cuddmem=8GiB_,pc ⊔ level(this) ⊔ level(this$0) ⊔ obj_level(this) ⊔ obj_level(this$0)
org.keycloak.adapters.HttpClientBuilder$1.meth,obj_level(this$0),_implicit_conf_-exceptions_dumb_300_-dr_timeout=5m_cuddmem=8GiB_,pc ⊔ level(this) ⊔ level(this$0) ⊔ obj_level(this) ⊔ obj_level(this$0)
org.keycloak.adapters.PreAuthActionsHandler.meth,obj_level(facade),_implicit_conf_-exceptions_dumb_300_-dr_timeout=5m_cuddmem=8GiB_,pc ⊔ level(this) ⊔ obj_level(facade) ⊔ obj_level(this)
org.keycloak.adapters.PreAuthActionsHandler.meth,obj_level(userSessionManagement),_implicit_conf_-exceptions_dumb_300_-dr_timeout=5m_cuddmem=8GiB_,pc ⊔ level(this) ⊔ obj_level(this) ⊔ obj_level(userSessionManagement)
org.keycloak.adapters.PreAuthActionsHandler.meth,obj_level(this),_implicit_conf_-exceptions_dumb_300_-dr_timeout=5m_cuddmem=8GiB_,pc ⊔ level(deploymentContext) ⊔ level(facade) ⊔ level(this) ⊔ level(userSessionManagement) ⊔ obj_level(deploymentContext) ⊔ obj_level(facade) ⊔ obj_level(this) ⊔ obj_level(userSessionManagement)
org.keycloak.adapters.PreAuthActionsHandler.meth,obj_level(deploymentContext),_implicit_conf_-exceptions_dumb_300_-dr_timeout=5m_cuddmem=8GiB_,pc ⊔ level(deploymentContext) ⊔ level(facade) ⊔ level(this) ⊔ level(userSessionManagement) ⊔ obj_level(deploymentContext) ⊔ obj_level(facade) ⊔ obj_level(this) ⊔ obj_level(userSessionManagement)
org.keycloak.adapters.ServerRequest.meth,obj_level(this),_implicit_conf_-exceptions_dumb_300_-dr_timeout=5m_cuddmem=8GiB_,pc ⊔ level(this) ⊔ obj_level(this)
org.keycloak.adapters.pep.HttpAuthzRequest$1.meth,obj_level(this),_implicit_conf_-exceptions_dumb_300_-dr_timeout=5m_cuddmem=8GiB_,pc ⊔ level(l2) ⊔ level(this) ⊔ level(this$0) ⊔ obj_level(l2) ⊔ obj_level(this) ⊔ obj_level(this$0)
org.keycloak.adapters.pep.HttpAuthzRequest$1.meth,obj_level(this$0),_implicit_conf_-exceptions_dumb_300_-dr_timeout=5m_cuddmem=8GiB_,pc ⊔ level(l2) ⊔ level(this) ⊔ level(this$0) ⊔ obj_level(l2) ⊔ obj_level(this) ⊔ obj_level(this$0)
org.keycloak.adapters.pep.HttpAuthzRequest$1.meth,obj_level(l2),_implicit_conf_-exceptions_dumb_300_-dr_timeout=5m_cuddmem=8GiB_,pc ⊔ level(l2) ⊔ level(this) ⊔ level(this$0) ⊔ obj_level(l2) ⊔ obj_level(this) ⊔ obj_level(this$0)
org.keycloak.adapters.AdapterDeploymentContext.meth,obj_level(this),_implicit_conf_-exceptions_dumb_300_-dr_timeout=5m_cuddmem=8GiB_,pc ⊔ level(this) ⊔ obj_level(this)
org.keycloak.adapters.AdapterDeploymentContext$DeploymentDelegate.meth,obj_level(delegate),_implicit_conf_-exceptions_dumb_300_-dr_timeout=5m_cuddmem=8GiB_,pc ⊔ level(delegate) ⊔ level(this) ⊔ obj_level(delegate)
org.keycloak.adapters.AdapterDeploymentContext$DeploymentDelegate.meth,obj_level(this),_implicit_conf_-exceptions_dumb_300_-dr_timeout=5m_cuddmem=8GiB_,pc ⊔ level(delegate) ⊔ level(this) ⊔ obj_level(delegate)
org.keycloak.adapters.KeycloakDeploymentBuilder$1.meth,obj_level(this$0),_implicit_conf_-exceptions_dumb_300_-dr_timeout=5m_cuddmem=8GiB_,pc ⊔ level(l2) ⊔ level(l3) ⊔ level(this) ⊔ level(this$0) ⊔ obj_level(l2) ⊔ obj_level(l3) ⊔ obj_level(this) ⊔ obj_level(this$0)
org.keycloak.adapters.KeycloakDeploymentBuilder$1.meth,obj_level(l3),_implicit_conf_-exceptions_dumb_300_-dr_timeout=5m_cuddmem=8GiB_,pc ⊔ level(l2) ⊔ level(l3) ⊔ level(this) ⊔ level(this$0) ⊔ obj_level(l2) ⊔ obj_level(l3) ⊔ obj_level(this) ⊔ obj_level(this$0)
org.keycloak.adapters.KeycloakDeploymentBuilder$1.meth,obj_level(l2),_implicit_conf_-exceptions_dumb_300_-dr_timeout=5m_cuddmem=8GiB_,pc ⊔ level(l2) ⊔ level(l3) ⊔ level(this) ⊔ level(this$0) ⊔ obj_level(l2) ⊔ obj_level(l3) ⊔ obj_level(this) ⊔ obj_level(this$0)
org.keycloak.adapters.KeycloakDeploymentBuilder$1.meth,obj_level(this),_implicit_conf_-exceptions_dumb_300_-dr_timeout=5m_cuddmem=8GiB_,pc ⊔ level(l2) ⊔ level(l3) ⊔ level(this) ⊔ level(this$0) ⊔ obj_level(l2) ⊔ obj_level(l3) ⊔ obj_level(this) ⊔ obj_level(this$0)
org.keycloak.adapters.HttpClientBuilder$HostnameVerificationPolicy.meth,obj_level(l1),_implicit_conf_-exceptions_dumb_300_-dr_timeout=5m_cuddmem=8GiB_,pc ⊔ level(l1) ⊔ level(l2) ⊔ level(this) ⊔ obj_level(l1) ⊔ obj_level(this)
org.keycloak.adapters.HttpClientBuilder$HostnameVerificationPolicy.meth,obj_level(this),_implicit_conf_-exceptions_dumb_300_-dr_timeout=5m_cuddmem=8GiB_,pc ⊔ level(l1) ⊔ level(l2) ⊔ level(this) ⊔ obj_level(l1) ⊔ obj_level(this)
org.keycloak.adapters.rotation.AdapterTokenVerifier$VerifiedTokens.meth,obj_level(idToken),_implicit_conf_-exceptions_dumb_300_-dr_timeout=5m_cuddmem=8GiB_,pc ⊔ level(this) ⊔ obj_level(idToken) ⊔ obj_level(this)
org.keycloak.adapters.rotation.AdapterTokenVerifier$VerifiedTokens.meth,obj_level(accessToken),_implicit_conf_-exceptions_dumb_300_-dr_timeout=5m_cuddmem=8GiB_,pc ⊔ level(this) ⊔ obj_level(accessToken) ⊔ obj_level(this)
org.keycloak.adapters.rotation.AdapterTokenVerifier$VerifiedTokens.meth,obj_level(this),_implicit_conf_-exceptions_dumb_300_-dr_timeout=5m_cuddmem=8GiB_,pc ⊔ level(accessToken) ⊔ level(idToken) ⊔ level(this) ⊔ obj_level(accessToken) ⊔ obj_level(idToken) ⊔ obj_level(this)
org.keycloak.adapters.jaas.AbstractKeycloakLoginModule.meth,obj_level(this),_implicit_conf_-exceptions_dumb_300_-dr_timeout=5m_cuddmem=8GiB_,pc ⊔ level(this) ⊔ obj_level(this)
org.keycloak.adapters.OAuthRequestAuthenticator.meth,obj_level(facade),_implicit_conf_-exceptions_dumb_300_-dr_timeout=5m_cuddmem=8GiB_,pc ⊔ level(this) ⊔ obj_level(facade) ⊔ obj_level(this)
org.keycloak.adapters.OAuthRequestAuthenticator.meth,obj_level(this),_implicit_conf_-exceptions_dumb_300_-dr_timeout=5m_cuddmem=8GiB_,pc ⊔ level(deployment) ⊔ level(facade) ⊔ level(requestAuthenticator) ⊔ level(sslRedirectPort) ⊔ level(this) ⊔ level(tokenStore) ⊔ obj_level(deployment) ⊔ obj_level(facade) ⊔ obj_level(requestAuthenticator) ⊔ obj_level(this) ⊔ obj_level(tokenStore)
org.keycloak.adapters.OAuthRequestAuthenticator.meth,obj_level(requestAuthenticator),_implicit_conf_-exceptions_dumb_300_-dr_timeout=5m_cuddmem=8GiB_,pc ⊔ level(deployment) ⊔ level(facade) ⊔ level(requestAuthenticator) ⊔ level(sslRedirectPort) ⊔ level(this) ⊔ level(tokenStore) ⊔ obj_level(deployment) ⊔ obj_level(facade) ⊔ obj_level(requestAuthenticator) ⊔ obj_level(this) ⊔ obj_level(tokenStore)
org.keycloak.adapters.OAuthRequestAuthenticator.meth,obj_level(deployment),_implicit_conf_-exceptions_dumb_300_-dr_timeout=5m_cuddmem=8GiB_,pc ⊔ level(deployment) ⊔ level(facade) ⊔ level(requestAuthenticator) ⊔ level(sslRedirectPort) ⊔ level(this) ⊔ level(tokenStore) ⊔ obj_level(deployment) ⊔ obj_level(facade) ⊔ obj_level(requestAuthenticator) ⊔ obj_level(this) ⊔ obj_level(tokenStore)
org.keycloak.adapters.OAuthRequestAuthenticator.meth,obj_level(tokenStore),_implicit_conf_-exceptions_dumb_300_-dr_timeout=5m_cuddmem=8GiB_,pc ⊔ level(this) ⊔ obj_level(this) ⊔ obj_level(tokenStore)
org.keycloak.adapters.BearerTokenRequestAuthenticator.meth,obj_level(deployment),_implicit_conf_-exceptions_dumb_300_-dr_timeout=5m_cuddmem=8GiB_,pc ⊔ level(deployment) ⊔ level(this) ⊔ obj_level(deployment) ⊔ obj_level(this)
org.keycloak.adapters.BearerTokenRequestAuthenticator.meth,obj_level(this),_implicit_conf_-exceptions_dumb_300_-dr_timeout=5m_cuddmem=8GiB_,pc ⊔ level(deployment) ⊔ level(this) ⊔ obj_level(deployment) ⊔ obj_level(this)
org.keycloak.adapters.rotation.AdapterTokenVerifier.meth,obj_level(this),_implicit_conf_-exceptions_dumb_300_-dr_timeout=5m_cuddmem=8GiB_,pc ⊔ level(this) ⊔ obj_level(this)
org.keycloak.adapters.HttpClientBuilder.meth,obj_level(this),_implicit_conf_-exceptions_dumb_300_-dr_timeout=5m_cuddmem=8GiB_,pc ⊔ level(this) ⊔ obj_level(this)
org.keycloak.adapters.BearerTokenRequestAuthenticator$2.meth,obj_level(l2),_implicit_conf_-exceptions_dumb_300_-dr_timeout=5m_cuddmem=8GiB_,pc ⊔ level(l2) ⊔ level(l3) ⊔ level(l4) ⊔ level(this) ⊔ level(this$0) ⊔ obj_level(l2) ⊔ obj_level(l3) ⊔ obj_level(this) ⊔ obj_level(this$0)
org.keycloak.adapters.BearerTokenRequestAuthenticator$2.meth,obj_level(l3),_implicit_conf_-exceptions_dumb_300_-dr_timeout=5m_cuddmem=8GiB_,pc ⊔ level(l2) ⊔ level(l3) ⊔ level(l4) ⊔ level(this) ⊔ level(this$0) ⊔ obj_level(l2) ⊔ obj_level(l3) ⊔ obj_level(this) ⊔ obj_level(this$0)
org.keycloak.adapters.BearerTokenRequestAuthenticator$2.meth,obj_level(l4),_implicit_conf_-exceptions_dumb_300_-dr_timeout=5m_cuddmem=8GiB_,pc ⊔ level(l2) ⊔ level(l3) ⊔ level(l4) ⊔ level(this) ⊔ level(this$0) ⊔ obj_level(l2) ⊔ obj_level(l3) ⊔ obj_level(this) ⊔ obj_level(this$0)
org.keycloak.adapters.BearerTokenRequestAuthenticator$2.meth,obj_level(this),_implicit_conf_-exceptions_dumb_300_-dr_timeout=5m_cuddmem=8GiB_,pc ⊔ level(l2) ⊔ level(l3) ⊔ level(l4) ⊔ level(this) ⊔ level(this$0) ⊔ obj_level(l2) ⊔ obj_level(l3) ⊔ obj_level(this) ⊔ obj_level(this$0)
org.keycloak.adapters.BearerTokenRequestAuthenticator$2.meth,obj_level(this$0),_implicit_conf_-exceptions_dumb_300_-dr_timeout=5m_cuddmem=8GiB_,pc ⊔ level(l2) ⊔ level(l3) ⊔ level(l4) ⊔ level(this) ⊔ level(this$0) ⊔ obj_level(l2) ⊔ obj_level(l3) ⊔ obj_level(this) ⊔ obj_level(this$0)
org.keycloak.adapters.pep.HttpAuthzRequest.meth,obj_level(oidcFacade),_implicit_conf_-exceptions_dumb_300_-dr_timeout=5m_cuddmem=8GiB_,pc ⊔ level(oidcFacade) ⊔ level(this) ⊔ obj_level(oidcFacade) ⊔ obj_level(this)
org.keycloak.adapters.pep.HttpAuthzRequest.meth,obj_level(this),_implicit_conf_-exceptions_dumb_300_-dr_timeout=5m_cuddmem=8GiB_,pc ⊔ level(oidcFacade) ⊔ level(this) ⊔ obj_level(oidcFacade) ⊔ obj_level(this)
org.keycloak.adapters.NodesRegistrationManagement$1.meth,obj_level(this$0),_implicit_conf_-exceptions_dumb_300_-dr_timeout=5m_cuddmem=8GiB_,pc ⊔ level(l2) ⊔ level(l3) ⊔ level(this) ⊔ level(this$0) ⊔ obj_level(l2) ⊔ obj_level(l3) ⊔ obj_level(this) ⊔ obj_level(this$0)
org.keycloak.adapters.NodesRegistrationManagement$1.meth,obj_level(l2),_implicit_conf_-exceptions_dumb_300_-dr_timeout=5m_cuddmem=8GiB_,pc ⊔ level(l2) ⊔ level(l3) ⊔ level(this) ⊔ level(this$0) ⊔ obj_level(l2) ⊔ obj_level(l3) ⊔ obj_level(this) ⊔ obj_level(this$0)
org.keycloak.adapters.NodesRegistrationManagement$1.meth,obj_level(l3),_implicit_conf_-exceptions_dumb_300_-dr_timeout=5m_cuddmem=8GiB_,pc ⊔ level(l2) ⊔ level(l3) ⊔ level(this) ⊔ level(this$0) ⊔ obj_level(l2) ⊔ obj_level(l3) ⊔ obj_level(this) ⊔ obj_level(this$0)
org.keycloak.adapters.NodesRegistrationManagement$1.meth,obj_level(this),_implicit_conf_-exceptions_dumb_300_-dr_timeout=5m_cuddmem=8GiB_,pc ⊔ level(l2) ⊔ level(l3) ⊔ level(this) ⊔ level(this$0) ⊔ obj_level(l2) ⊔ obj_level(l3) ⊔ obj_level(this) ⊔ obj_level(this$0)
org.keycloak.adapters.rotation.JWKPublicKeyLocator.meth,obj_level(this),_implicit_conf_-exceptions_dumb_300_-dr_timeout=5m_cuddmem=8GiB_,pc ⊔ level(this) ⊔ obj_level(this)
org.keycloak.adapters.RequestAuthenticator.meth,obj_level(tokenStore),_implicit_conf_-exceptions_dumb_300_-dr_timeout=5m_cuddmem=8GiB_,pc ⊔ level(this) ⊔ obj_level(this) ⊔ obj_level(tokenStore)
org.keycloak.adapters.RequestAuthenticator.meth,obj_level(facade),_implicit_conf_-exceptions_dumb_300_-dr_timeout=5m_cuddmem=8GiB_,pc ⊔ level(this) ⊔ obj_level(facade) ⊔ obj_level(this)
org.keycloak.adapters.RequestAuthenticator.meth,obj_level(deployment),_implicit_conf_-exceptions_dumb_300_-dr_timeout=5m_cuddmem=8GiB_,pc ⊔ level(deployment) ⊔ level(facade) ⊔ level(sslRedirectPort) ⊔ level(this) ⊔ level(tokenStore) ⊔ obj_level(deployment) ⊔ obj_level(facade) ⊔ obj_level(this) ⊔ obj_level(tokenStore)
org.keycloak.adapters.RequestAuthenticator.meth,obj_level(this),_implicit_conf_-exceptions_dumb_300_-dr_timeout=5m_cuddmem=8GiB_,pc ⊔ level(deployment) ⊔ level(facade) ⊔ level(sslRedirectPort) ⊔ level(this) ⊔ level(tokenStore) ⊔ obj_level(deployment) ⊔ obj_level(facade) ⊔ obj_level(this) ⊔ obj_level(tokenStore)
org.keycloak.adapters.QueryParameterTokenRequestAuthenticator.meth,obj_level(deployment),_implicit_conf_-exceptions_dumb_300_-dr_timeout=5m_cuddmem=8GiB_,pc ⊔ level(deployment) ⊔ level(this) ⊔ obj_level(deployment) ⊔ obj_level(this)
org.keycloak.adapters.QueryParameterTokenRequestAuthenticator.meth,obj_level(this),_implicit_conf_-exceptions_dumb_300_-dr_timeout=5m_cuddmem=8GiB_,pc ⊔ level(deployment) ⊔ level(this) ⊔ obj_level(deployment) ⊔ obj_level(this)
org.keycloak.adapters.OIDCAuthenticationError$Reason.meth,obj_level(l1),_implicit_conf_-exceptions_dumb_300_-dr_timeout=5m_cuddmem=8GiB_,pc ⊔ level(l1) ⊔ level(l2) ⊔ level(this) ⊔ obj_level(l1) ⊔ obj_level(this)
org.keycloak.adapters.OIDCAuthenticationError$Reason.meth,obj_level(this),_implicit_conf_-exceptions_dumb_300_-dr_timeout=5m_cuddmem=8GiB_,pc ⊔ level(l1) ⊔ level(l2) ⊔ level(this) ⊔ obj_level(l1) ⊔ obj_level(this)
org.keycloak.adapters.KeycloakDeployment$1.meth,obj_level(this$0),_implicit_conf_-exceptions_dumb_300_-dr_timeout=5m_cuddmem=8GiB_,pc ⊔ level(l2) ⊔ level(this) ⊔ level(this$0) ⊔ obj_level(l2) ⊔ obj_level(this) ⊔ obj_level(this$0)
org.keycloak.adapters.KeycloakDeployment$1.meth,obj_level(l2),_implicit_conf_-exceptions_dumb_300_-dr_timeout=5m_cuddmem=8GiB_,pc ⊔ level(l2) ⊔ level(this) ⊔ level(this$0) ⊔ obj_level(l2) ⊔ obj_level(this) ⊔ obj_level(this$0)
org.keycloak.adapters.KeycloakDeployment$1.meth,obj_level(this),_implicit_conf_-exceptions_dumb_300_-dr_timeout=5m_cuddmem=8GiB_,pc ⊔ level(l2) ⊔ level(this) ⊔ level(this$0) ⊔ obj_level(l2) ⊔ obj_level(this) ⊔ obj_level(this$0)
org.keycloak.adapters.jaas.BearerTokenLoginModule.meth,obj_level(this),_implicit_conf_-exceptions_dumb_300_-dr_timeout=5m_cuddmem=8GiB_,pc ⊔ level(this) ⊔ obj_level(this)
org.keycloak.adapters.NodesRegistrationManagement.meth,obj_level(this),_implicit_conf_-exceptions_dumb_300_-dr_timeout=5m_cuddmem=8GiB_,pc ⊔ level(this) ⊔ obj_level(this)
org.keycloak.adapters.NodesRegistrationManagement$NodeRegistrationContext.meth,obj_level(lastRegTime),_implicit_conf_-exceptions_dumb_300_-dr_timeout=5m_cuddmem=8GiB_,pc ⊔ level(this) ⊔ obj_level(lastRegTime) ⊔ obj_level(this)
org.keycloak.adapters.NodesRegistrationManagement$NodeRegistrationContext.meth,obj_level(this),_implicit_conf_-exceptions_dumb_300_-dr_timeout=5m_cuddmem=8GiB_,pc ⊔ level(deployment) ⊔ level(lastRegTime) ⊔ level(this) ⊔ obj_level(deployment) ⊔ obj_level(lastRegTime) ⊔ obj_level(this)
org.keycloak.adapters.NodesRegistrationManagement$NodeRegistrationContext.meth,obj_level(deployment),_implicit_conf_-exceptions_dumb_300_-dr_timeout=5m_cuddmem=8GiB_,pc ⊔ level(deployment) ⊔ level(lastRegTime) ⊔ level(this) ⊔ obj_level(deployment) ⊔ obj_level(lastRegTime) ⊔ obj_level(this)
org.keycloak.adapters.KeycloakDeployment.meth,obj_level(this),_implicit_conf_-exceptions_dumb_300_-dr_timeout=5m_cuddmem=8GiB_,pc ⊔ level(this) ⊔ obj_level(this)
org.keycloak.adapters.rotation.HardcodedPublicKeyLocator.meth,obj_level(this),_implicit_conf_-exceptions_dumb_300_-dr_timeout=5m_cuddmem=8GiB_,pc ⊔ level(publicKey) ⊔ level(this) ⊔ obj_level(publicKey) ⊔ obj_level(this)
org.keycloak.adapters.rotation.HardcodedPublicKeyLocator.meth,obj_level(publicKey),_implicit_conf_-exceptions_dumb_300_-dr_timeout=5m_cuddmem=8GiB_,pc ⊔ level(this) ⊔ obj_level(publicKey) ⊔ obj_level(this)
org.keycloak.adapters.KeycloakDeploymentBuilder.meth,obj_level(this),_implicit_conf_-exceptions_dumb_300_-dr_timeout=5m_cuddmem=8GiB_,pc ⊔ level(this) ⊔ obj_level(this)
org.keycloak.adapters.jaas.RolePrincipal.meth,obj_level(this),_implicit_conf_-exceptions_dumb_300_-dr_timeout=5m_cuddmem=8GiB_,pc ⊔ level(roleName) ⊔ level(this) ⊔ obj_level(roleName) ⊔ obj_level(this)
org.keycloak.adapters.jaas.RolePrincipal.meth,obj_level(roleName),_implicit_conf_-exceptions_dumb_300_-dr_timeout=5m_cuddmem=8GiB_,pc ⊔ level(this) ⊔ obj_level(roleName) ⊔ obj_level(this)
org.keycloak.adapters.OAuthRequestAuthenticator$1.meth,obj_level(l2),_implicit_conf_-exceptions_dumb_300_-dr_timeout=5m_cuddmem=8GiB_,pc ⊔ level(l2) ⊔ level(l3) ⊔ level(this) ⊔ level(this$0) ⊔ obj_level(l2) ⊔ obj_level(this) ⊔ obj_level(this$0)
org.keycloak.adapters.OAuthRequestAuthenticator$1.meth,obj_level(this$0),_implicit_conf_-exceptions_dumb_300_-dr_timeout=5m_cuddmem=8GiB_,pc ⊔ level(l2) ⊔ level(l3) ⊔ level(this) ⊔ level(this$0) ⊔ obj_level(l2) ⊔ obj_level(this) ⊔ obj_level(this$0)
org.keycloak.adapters.OAuthRequestAuthenticator$1.meth,obj_level(this),_implicit_conf_-exceptions_dumb_300_-dr_timeout=5m_cuddmem=8GiB_,pc ⊔ level(l2) ⊔ level(l3) ⊔ level(this) ⊔ level(this$0) ⊔ obj_level(l2) ⊔ obj_level(this) ⊔ obj_level(this$0)
org.keycloak.adapters.OAuthRequestAuthenticator$1.meth,obj_level(l3),_implicit_conf_-exceptions_dumb_300_-dr_timeout=5m_cuddmem=8GiB_,pc ⊔ level(l2) ⊔ level(l3) ⊔ level(this) ⊔ level(this$0) ⊔ obj_level(l2) ⊔ obj_level(this) ⊔ obj_level(this$0)
org.keycloak.adapters.CookieTokenStore.meth,obj_level(this),_implicit_conf_-exceptions_dumb_300_-dr_timeout=5m_cuddmem=8GiB_,pc ⊔ level(this) ⊔ obj_level(this)
org.keycloak.adapters.KeycloakDeploymentBuilder$2.meth,obj_level(l2),_implicit_conf_-exceptions_dumb_300_-dr_timeout=5m_cuddmem=8GiB_,pc ⊔ level(l2) ⊔ level(this) ⊔ level(this$0) ⊔ obj_level(l2) ⊔ obj_level(this) ⊔ obj_level(this$0)
org.keycloak.adapters.KeycloakDeploymentBuilder$2.meth,obj_level(this$0),_implicit_conf_-exceptions_dumb_300_-dr_timeout=5m_cuddmem=8GiB_,pc ⊔ level(l2) ⊔ level(this) ⊔ level(this$0) ⊔ obj_level(l2) ⊔ obj_level(this) ⊔ obj_level(this$0)
org.keycloak.adapters.KeycloakDeploymentBuilder$2.meth,obj_level(this),_implicit_conf_-exceptions_dumb_300_-dr_timeout=5m_cuddmem=8GiB_,pc ⊔ level(l2) ⊔ level(this) ⊔ level(this$0) ⊔ obj_level(l2) ⊔ obj_level(this) ⊔ obj_level(this$0)
org.keycloak.adapters.pep.HttpAuthzResponse.meth,obj_level(oidcFacade),_implicit_conf_-exceptions_dumb_300_-dr_timeout=5m_cuddmem=8GiB_,pc ⊔ level(this) ⊔ obj_level(oidcFacade) ⊔ obj_level(this)
org.keycloak.adapters.pep.HttpAuthzResponse.meth,obj_level(this),_implicit_conf_-exceptions_dumb_300_-dr_timeout=5m_cuddmem=8GiB_,pc ⊔ level(oidcFacade) ⊔ level(this) ⊔ obj_level(oidcFacade) ⊔ obj_level(this)
org.keycloak.adapters.jaas.DirectAccessGrantsLoginModule.meth,obj_level(this),_implicit_conf_-exceptions_dumb_300_-dr_timeout=5m_cuddmem=8GiB_,pc ⊔ level(this) ⊔ obj_level(this)
org.keycloak.adapters.OIDCAuthenticationError.meth,obj_level(this),_implicit_conf_-exceptions_dumb_300_-dr_timeout=5m_cuddmem=8GiB_,pc ⊔ level(description) ⊔ level(reason) ⊔ level(this) ⊔ obj_level(description) ⊔ obj_level(reason) ⊔ obj_level(this)
org.keycloak.adapters.OIDCAuthenticationError.meth,obj_level(reason),_implicit_conf_-exceptions_dumb_300_-dr_timeout=5m_cuddmem=8GiB_,pc ⊔ level(this) ⊔ obj_level(reason) ⊔ obj_level(this)
org.keycloak.adapters.OIDCAuthenticationError.meth,obj_level(description),_implicit_conf_-exceptions_dumb_300_-dr_timeout=5m_cuddmem=8GiB_,pc ⊔ level(this) ⊔ obj_level(description) ⊔ obj_level(this)
org.keycloak.adapters.RefreshableKeycloakSecurityContext.meth,obj_level(this),_implicit_conf_-exceptions_dumb_300_-dr_timeout=5m_cuddmem=8GiB_,pc ⊔ level(this) ⊔ obj_level(this)
org.keycloak.adapters.HttpAdapterUtils.meth,obj_level(this),_implicit_conf_-exceptions_dumb_300_-dr_timeout=5m_cuddmem=8GiB_,pc ⊔ level(this) ⊔ obj_level(this)
org.keycloak.adapters.HttpClientBuilder$2.meth,obj_level(this$0),_implicit_conf_-exceptions_dumb_300_-dr_timeout=5m_cuddmem=8GiB_,pc ⊔ level(this) ⊔ level(this$0) ⊔ obj_level(this) ⊔ obj_level(this$0)
org.keycloak.adapters.HttpClientBuilder$2.meth,obj_level(this),_implicit_conf_-exceptions_dumb_300_-dr_timeout=5m_cuddmem=8GiB_,pc ⊔ level(this) ⊔ level(this$0) ⊔ obj_level(this) ⊔ obj_level(this$0)
org.keycloak.adapters.AuthenticatedActionsHandler.meth,obj_level(this),_implicit_conf_-exceptions_dumb_300_-dr_timeout=5m_cuddmem=8GiB_,pc ⊔ level(deployment) ⊔ level(facade) ⊔ level(this) ⊔ obj_level(deployment) ⊔ obj_level(facade) ⊔ obj_level(this)
org.keycloak.adapters.AuthenticatedActionsHandler.meth,obj_level(deployment),_implicit_conf_-exceptions_dumb_300_-dr_timeout=5m_cuddmem=8GiB_,pc ⊔ level(deployment) ⊔ level(facade) ⊔ level(this) ⊔ obj_level(deployment) ⊔ obj_level(facade) ⊔ obj_level(this)
org.keycloak.adapters.AuthenticatedActionsHandler.meth,obj_level(facade),_implicit_conf_-exceptions_dumb_300_-dr_timeout=5m_cuddmem=8GiB_,pc ⊔ level(this) ⊔ obj_level(facade) ⊔ obj_level(this)
org.keycloak.adapters.jaas.AbstractKeycloakLoginModule$Auth.meth,obj_level(roles),_implicit_conf_-exceptions_dumb_300_-dr_timeout=5m_cuddmem=8GiB_,pc ⊔ level(accessToken) ⊔ level(principal) ⊔ level(roles) ⊔ level(this) ⊔ obj_level(accessToken) ⊔ obj_level(principal) ⊔ obj_level(roles) ⊔ obj_level(this)
org.keycloak.adapters.jaas.AbstractKeycloakLoginModule$Auth.meth,obj_level(principal),_implicit_conf_-exceptions_dumb_300_-dr_timeout=5m_cuddmem=8GiB_,pc ⊔ level(this) ⊔ obj_level(principal) ⊔ obj_level(this)
org.keycloak.adapters.jaas.AbstractKeycloakLoginModule$Auth.meth,obj_level(accessToken),_implicit_conf_-exceptions_dumb_300_-dr_timeout=5m_cuddmem=8GiB_,pc ⊔ level(this) ⊔ obj_level(accessToken) ⊔ obj_level(this)
org.keycloak.adapters.jaas.AbstractKeycloakLoginModule$Auth.meth,obj_level(this),_implicit_conf_-exceptions_dumb_300_-dr_timeout=5m_cuddmem=8GiB_,pc ⊔ level(accessToken) ⊔ level(principal) ⊔ level(roles) ⊔ level(this) ⊔ obj_level(accessToken) ⊔ obj_level(principal) ⊔ obj_level(roles) ⊔ obj_level(this)
org.keycloak.adapters.OAuthRequestAuthenticator$2.meth,obj_level(l4),_implicit_conf_-exceptions_dumb_300_-dr_timeout=5m_cuddmem=8GiB_,pc ⊔ level(l2) ⊔ level(l3) ⊔ level(l4) ⊔ level(this) ⊔ level(this$0) ⊔ obj_level(l3) ⊔ obj_level(l4) ⊔ obj_level(this) ⊔ obj_level(this$0)
org.keycloak.adapters.OAuthRequestAuthenticator$2.meth,obj_level(this$0),_implicit_conf_-exceptions_dumb_300_-dr_timeout=5m_cuddmem=8GiB_,pc ⊔ level(l2) ⊔ level(l3) ⊔ level(l4) ⊔ level(this) ⊔ level(this$0) ⊔ obj_level(l3) ⊔ obj_level(l4) ⊔ obj_level(this) ⊔ obj_level(this$0)
org.keycloak.adapters.OAuthRequestAuthenticator$2.meth,obj_level(this),_implicit_conf_-exceptions_dumb_300_-dr_timeout=5m_cuddmem=8GiB_,pc ⊔ level(l2) ⊔ level(l3) ⊔ level(l4) ⊔ level(this) ⊔ level(this$0) ⊔ obj_level(l3) ⊔ obj_level(l4) ⊔ obj_level(this) ⊔ obj_level(this$0)
org.keycloak.adapters.OAuthRequestAuthenticator$2.meth,obj_level(l3),_implicit_conf_-exceptions_dumb_300_-dr_timeout=5m_cuddmem=8GiB_,pc ⊔ level(l2) ⊔ level(l3) ⊔ level(l4) ⊔ level(this) ⊔ level(this$0) ⊔ obj_level(l3) ⊔ obj_level(l4) ⊔ obj_level(this) ⊔ obj_level(this$0)
org.keycloak.adapters.SniSSLSocketFactory$1.meth,obj_level(l2),_implicit_conf_-exceptions_dumb_300_-dr_timeout=5m_cuddmem=8GiB_,pc ⊔ level(l2) ⊔ level(this) ⊔ level(this$0) ⊔ obj_level(l2) ⊔ obj_level(this) ⊔ obj_level(this$0)
org.keycloak.adapters.SniSSLSocketFactory$1.meth,obj_level(this),_implicit_conf_-exceptions_dumb_300_-dr_timeout=5m_cuddmem=8GiB_,pc ⊔ level(l2) ⊔ level(this) ⊔ level(this$0) ⊔ obj_level(l2) ⊔ obj_level(this) ⊔ obj_level(this$0)
org.keycloak.adapters.SniSSLSocketFactory$1.meth,obj_level(this$0),_implicit_conf_-exceptions_dumb_300_-dr_timeout=5m_cuddmem=8GiB_,pc ⊔ level(l2) ⊔ level(this) ⊔ level(this$0) ⊔ obj_level(l2) ⊔ obj_level(this) ⊔ obj_level(this$0)
org.keycloak.adapters.AdapterUtils.meth,obj_level(this),_implicit_conf_-exceptions_dumb_300_-dr_timeout=5m_cuddmem=8GiB_,pc ⊔ level(this) ⊔ obj_level(this)
org.keycloak.adapters.ServerRequest$HttpFailure.meth,obj_level(this),_implicit_conf_-exceptions_dumb_300_-dr_timeout=5m_cuddmem=8GiB_,pc ⊔ level(error) ⊔ level(status) ⊔ level(this) ⊔ obj_level(error) ⊔ obj_level(this)
org.keycloak.adapters.ServerRequest$HttpFailure.meth,obj_level(error),_implicit_conf_-exceptions_dumb_300_-dr_timeout=5m_cuddmem=8GiB_,pc ⊔ level(this) ⊔ obj_level(error) ⊔ obj_level(this)
org.keycloak.adapters.HttpClientBuilder$VerifierWrapper.meth,obj_level(verifier),_implicit_conf_-exceptions_dumb_300_-dr_timeout=5m_cuddmem=8GiB_,pc ⊔ level(this) ⊔ obj_level(this) ⊔ obj_level(verifier)
org.keycloak.adapters.HttpClientBuilder$VerifierWrapper.meth,obj_level(this),_implicit_conf_-exceptions_dumb_300_-dr_timeout=5m_cuddmem=8GiB_,pc ⊔ level(this) ⊔ level(verifier) ⊔ obj_level(this) ⊔ obj_level(verifier)
org.keycloak.adapters.SniSSLSocketFactory.meth,obj_level(this),_implicit_conf_-exceptions_dumb_300_-dr_timeout=5m_cuddmem=8GiB_,pc ⊔ level(algorithm) ⊔ level(keyPassword) ⊔ level(keystore) ⊔ level(nameResolver) ⊔ level(random) ⊔ level(this) ⊔ level(truststore) ⊔ obj_level(algorithm) ⊔ obj_level(keystore) ⊔ obj_level(nameResolver) ⊔ obj_level(random) ⊔ obj_level(this)
org.keycloak.adapters.SniSSLSocketFactory.meth,obj_level(truststore),_implicit_conf_-exceptions_dumb_300_-dr_timeout=5m_cuddmem=8GiB_,pc ⊔ level(algorithm) ⊔ level(keyPassword) ⊔ level(keystore) ⊔ level(nameResolver) ⊔ level(random) ⊔ level(this) ⊔ level(truststore) ⊔ obj_level(algorithm) ⊔ obj_level(keystore) ⊔ obj_level(nameResolver) ⊔ obj_level(random) ⊔ obj_level(this)
org.keycloak.adapters.SniSSLSocketFactory.meth,obj_level(keystore),_implicit_conf_-exceptions_dumb_300_-dr_timeout=5m_cuddmem=8GiB_,pc ⊔ level(algorithm) ⊔ level(keyPassword) ⊔ level(keystore) ⊔ level(nameResolver) ⊔ level(random) ⊔ level(this) ⊔ level(truststore) ⊔ obj_level(algorithm) ⊔ obj_level(keystore) ⊔ obj_level(nameResolver) ⊔ obj_level(random) ⊔ obj_level(this)
org.keycloak.adapters.SniSSLSocketFactory.meth,obj_level(random),_implicit_conf_-exceptions_dumb_300_-dr_timeout=5m_cuddmem=8GiB_,pc ⊔ level(algorithm) ⊔ level(keyPassword) ⊔ level(keystore) ⊔ level(nameResolver) ⊔ level(random) ⊔ level(this) ⊔ level(truststore) ⊔ obj_level(algorithm) ⊔ obj_level(keystore) ⊔ obj_level(nameResolver) ⊔ obj_level(random) ⊔ obj_level(this)
org.keycloak.adapters.HttpClientAdapterException.meth,obj_level(this),_implicit_conf_-exceptions_dumb_300_-dr_timeout=5m_cuddmem=8GiB_,pc ⊔ level(message) ⊔ level(this) ⊔ obj_level(message) ⊔ obj_level(this)
org.keycloak.adapters.BearerTokenRequestAuthenticator$1.meth,obj_level(this$0),_implicit_conf_-exceptions_dumb_300_-dr_timeout=5m_cuddmem=8GiB_,pc ⊔ level(this) ⊔ level(this$0) ⊔ obj_level(this) ⊔ obj_level(this$0)
org.keycloak.adapters.BearerTokenRequestAuthenticator$1.meth,obj_level(this),_implicit_conf_-exceptions_dumb_300_-dr_timeout=5m_cuddmem=8GiB_,pc ⊔ level(this) ⊔ level(this$0) ⊔ obj_level(this) ⊔ obj_level(this$0)
