org.keycloak.adapters.jetty.spi.JettyHttpFacade$RequestFacade.meth,obj_level(this$0),_implicit_conf_-exceptions_dumb_300_-dr_timeout=5m_cuddmem=8GiB_,pc ⊔ level(this) ⊔ level(this$0) ⊔ obj_level(this) ⊔ obj_level(this$0)
org.keycloak.adapters.jetty.spi.JettyHttpFacade$RequestFacade.meth,obj_level(this),_implicit_conf_-exceptions_dumb_300_-dr_timeout=5m_cuddmem=8GiB_,pc ⊔ level(this) ⊔ level(this$0) ⊔ obj_level(this) ⊔ obj_level(this$0)
org.keycloak.adapters.jetty.spi.JettyUserSessionManagement.meth,obj_level(sessionManager),_implicit_conf_-exceptions_dumb_300_-dr_timeout=5m_cuddmem=8GiB_,pc ⊔ level(this) ⊔ obj_level(sessionManager) ⊔ obj_level(this)
org.keycloak.adapters.jetty.spi.JettyUserSessionManagement.meth,obj_level(this),_implicit_conf_-exceptions_dumb_300_-dr_timeout=5m_cuddmem=8GiB_,pc ⊔ level(sessionManager) ⊔ level(this) ⊔ obj_level(sessionManager) ⊔ obj_level(this)
org.keycloak.adapters.jetty.spi.WrappingSessionHandler.meth,obj_level(this),_implicit_conf_-exceptions_dumb_300_-dr_timeout=5m_cuddmem=8GiB_,pc ⊔ level(this) ⊔ obj_level(this)
org.keycloak.adapters.jetty.spi.JettyHttpFacade$ResponseFacade.meth,obj_level(this),_implicit_conf_-exceptions_dumb_300_-dr_timeout=5m_cuddmem=8GiB_,pc ⊔ level(this) ⊔ level(this$0) ⊔ obj_level(this) ⊔ obj_level(this$0)
org.keycloak.adapters.jetty.spi.JettyHttpFacade$ResponseFacade.meth,obj_level(this$0),_implicit_conf_-exceptions_dumb_300_-dr_timeout=5m_cuddmem=8GiB_,pc ⊔ level(this) ⊔ level(this$0) ⊔ obj_level(this) ⊔ obj_level(this$0)
org.keycloak.adapters.jetty.spi.JettyHttpFacade.meth,obj_level(request),_implicit_conf_-exceptions_dumb_300_-dr_timeout=5m_cuddmem=8GiB_,pc ⊔ level(this) ⊔ obj_level(request) ⊔ obj_level(this)
org.keycloak.adapters.jetty.spi.JettyHttpFacade.meth,obj_level(response),_implicit_conf_-exceptions_dumb_300_-dr_timeout=5m_cuddmem=8GiB_,pc ⊔ level(this) ⊔ obj_level(response) ⊔ obj_level(this)
org.keycloak.adapters.jetty.spi.JettyHttpFacade.meth,obj_level(this),_implicit_conf_-exceptions_dumb_300_-dr_timeout=5m_cuddmem=8GiB_,pc ⊔ level(request) ⊔ level(response) ⊔ level(this) ⊔ obj_level(request) ⊔ obj_level(response) ⊔ obj_level(this)
