org.keycloak.adapters.jetty.KeycloakJettyAuthenticator$1.meth,obj_level(this$0),_implicit_conf_-exceptions_dumb_300_-dr_timeout=5m_cuddmem=8GiB_,pc ⊔ level(arg0) ⊔ level(arg1) ⊔ level(this) ⊔ level(this$0) ⊔ obj_level(arg0) ⊔ obj_level(arg1) ⊔ obj_level(this) ⊔ obj_level(this$0)
org.keycloak.adapters.jetty.KeycloakJettyAuthenticator$1.meth,obj_level(this),_implicit_conf_-exceptions_dumb_300_-dr_timeout=5m_cuddmem=8GiB_,pc ⊔ level(arg0) ⊔ level(arg1) ⊔ level(this) ⊔ level(this$0) ⊔ obj_level(arg0) ⊔ obj_level(arg1) ⊔ obj_level(this) ⊔ obj_level(this$0)
org.keycloak.adapters.jetty.KeycloakJettyAuthenticator.meth,obj_level(this),_implicit_conf_-exceptions_dumb_300_-dr_timeout=5m_cuddmem=8GiB_,pc ⊔ level(this) ⊔ obj_level(this)
org.keycloak.adapters.jetty.Jetty94SessionManager.meth,obj_level(this),_implicit_conf_-exceptions_dumb_300_-dr_timeout=5m_cuddmem=8GiB_,pc ⊔ level(sessionHandler) ⊔ level(this) ⊔ obj_level(sessionHandler) ⊔ obj_level(this)
org.keycloak.adapters.jetty.Jetty94SessionManager.meth,obj_level(sessionHandler),_implicit_conf_-exceptions_dumb_300_-dr_timeout=5m_cuddmem=8GiB_,pc ⊔ level(this) ⊔ obj_level(sessionHandler) ⊔ obj_level(this)
org.keycloak.adapters.jetty.Jetty94RequestAuthenticator.meth,obj_level(request),_implicit_conf_-exceptions_dumb_300_-dr_timeout=5m_cuddmem=8GiB_,pc ⊔ level(deployment) ⊔ level(facade) ⊔ level(request) ⊔ level(sslRedirectPort) ⊔ level(this) ⊔ level(tokenStore) ⊔ obj_level(deployment) ⊔ obj_level(facade) ⊔ obj_level(request) ⊔ obj_level(this) ⊔ obj_level(tokenStore)
org.keycloak.adapters.jetty.Jetty94RequestAuthenticator.meth,obj_level(this),_implicit_conf_-exceptions_dumb_300_-dr_timeout=5m_cuddmem=8GiB_,pc ⊔ level(deployment) ⊔ level(facade) ⊔ level(request) ⊔ level(sslRedirectPort) ⊔ level(this) ⊔ level(tokenStore) ⊔ obj_level(deployment) ⊔ obj_level(facade) ⊔ obj_level(request) ⊔ obj_level(this) ⊔ obj_level(tokenStore)
org.keycloak.adapters.jetty.Jetty94RequestAuthenticator.meth,obj_level(deployment),_implicit_conf_-exceptions_dumb_300_-dr_timeout=5m_cuddmem=8GiB_,pc ⊔ level(deployment) ⊔ level(facade) ⊔ level(request) ⊔ level(sslRedirectPort) ⊔ level(this) ⊔ level(tokenStore) ⊔ obj_level(deployment) ⊔ obj_level(facade) ⊔ obj_level(request) ⊔ obj_level(this) ⊔ obj_level(tokenStore)
org.keycloak.adapters.jetty.JettyAdapterSessionStore.meth,obj_level(this),_implicit_conf_-exceptions_dumb_300_-dr_timeout=5m_cuddmem=8GiB_,pc ⊔ level(request) ⊔ level(this) ⊔ obj_level(request) ⊔ obj_level(this)
org.keycloak.adapters.jetty.JettyAdapterSessionStore.meth,obj_level(request),_implicit_conf_-exceptions_dumb_300_-dr_timeout=5m_cuddmem=8GiB_,pc ⊔ level(this) ⊔ obj_level(request) ⊔ obj_level(this)
