org.keycloak.adapters.spi.InMemorySessionIdMapper.meth,obj_level(this),_implicit_conf_-exceptions_dumb_300_-dr_timeout=5m_cuddmem=8GiB_,pc ⊔ level(this) ⊔ obj_level(this)
org.keycloak.adapters.spi.SessionIdMapperUpdater$2.meth,obj_level(this),_implicit_conf_-exceptions_dumb_300_-dr_timeout=5m_cuddmem=8GiB_,pc ⊔ level(this) ⊔ obj_level(this)
org.keycloak.adapters.spi.HttpFacade$Cookie.meth,obj_level(path),_implicit_conf_-exceptions_dumb_300_-dr_timeout=5m_cuddmem=8GiB_,pc ⊔ level(this) ⊔ obj_level(path) ⊔ obj_level(this)
org.keycloak.adapters.spi.HttpFacade$Cookie.meth,obj_level(this),_implicit_conf_-exceptions_dumb_300_-dr_timeout=5m_cuddmem=8GiB_,pc ⊔ level(domain) ⊔ level(name) ⊔ level(path) ⊔ level(this) ⊔ level(value) ⊔ level(version) ⊔ obj_level(domain) ⊔ obj_level(this)
org.keycloak.adapters.spi.HttpFacade$Cookie.meth,obj_level(value),_implicit_conf_-exceptions_dumb_300_-dr_timeout=5m_cuddmem=8GiB_,pc ⊔ level(this) ⊔ obj_level(this) ⊔ obj_level(value)
org.keycloak.adapters.spi.HttpFacade$Cookie.meth,obj_level(name),_implicit_conf_-exceptions_dumb_300_-dr_timeout=5m_cuddmem=8GiB_,pc ⊔ level(this) ⊔ obj_level(name) ⊔ obj_level(this)
org.keycloak.adapters.spi.HttpFacade$Cookie.meth,obj_level(domain),_implicit_conf_-exceptions_dumb_300_-dr_timeout=5m_cuddmem=8GiB_,pc ⊔ level(this) ⊔ obj_level(domain) ⊔ obj_level(this)
org.keycloak.adapters.spi.SessionIdMapperUpdater$1.meth,obj_level(this),_implicit_conf_-exceptions_dumb_300_-dr_timeout=5m_cuddmem=8GiB_,pc ⊔ level(this) ⊔ obj_level(this)
org.keycloak.adapters.spi.AuthOutcome.meth,obj_level(l1),_implicit_conf_-exceptions_dumb_300_-dr_timeout=5m_cuddmem=8GiB_,pc ⊔ level(l1) ⊔ level(l2) ⊔ level(this) ⊔ obj_level(l1) ⊔ obj_level(this)
org.keycloak.adapters.spi.AuthOutcome.meth,obj_level(this),_implicit_conf_-exceptions_dumb_300_-dr_timeout=5m_cuddmem=8GiB_,pc ⊔ level(l1) ⊔ level(l2) ⊔ level(this) ⊔ obj_level(l1) ⊔ obj_level(this)
