org.greenrobot.eventbus.util.ErrorDialogFragments$Support.meth,obj_level(this),pc ⊔ level(this) ⊔ obj_level(this)
org.greenrobot.eventbus.PendingPost.meth,obj_level(event),pc ⊔ level(event) ⊔ level(subscription) ⊔ level(this) ⊔ obj_level(event)
org.greenrobot.eventbus.PendingPost.meth,obj_level(this),pc ⊔ level(event) ⊔ level(subscription) ⊔ level(this) ⊔ obj_level(event)
org.greenrobot.eventbus.PendingPost.meth,obj_level(subscription),pc ⊔ level(event) ⊔ level(subscription) ⊔ level(this) ⊔ obj_level(event)
org.greenrobot.eventbus.util.AsyncExecutor$Builder.meth,obj_level(this),pc ⊔ level(this) ⊔ obj_level(this)
org.greenrobot.eventbus.EventBusException.meth,obj_level(this),pc ⊔ level(detailMessage) ⊔ level(this) ⊔ obj_level(detailMessage) ⊔ obj_level(this)
org.greenrobot.eventbus.util.ErrorDialogFragmentFactory$Honeycomb.meth,obj_level(this),pc ⊔ level(config) ⊔ level(this) ⊔ obj_level(config) ⊔ obj_level(this)
org.greenrobot.eventbus.util.ErrorDialogFragmentFactory$Honeycomb.meth,obj_level(config),pc ⊔ level(config) ⊔ level(this) ⊔ obj_level(config) ⊔ obj_level(this)
org.greenrobot.eventbus.Subscription.meth,obj_level(subscriber),pc ⊔ level(subscriber) ⊔ level(subscriberMethod) ⊔ level(this) ⊔ obj_level(subscriber)
org.greenrobot.eventbus.Subscription.meth,obj_level(subscriberMethod),pc ⊔ level(subscriber) ⊔ level(subscriberMethod) ⊔ level(this) ⊔ obj_level(subscriber)
org.greenrobot.eventbus.Subscription.meth,obj_level(this),pc ⊔ level(subscriber) ⊔ level(subscriberMethod) ⊔ level(this) ⊔ obj_level(subscriber)
org.greenrobot.eventbus.EventBusBuilder.meth,obj_level(this),pc ⊔ level(this) ⊔ obj_level(this)
org.greenrobot.eventbus.SubscriberMethod.meth,obj_level(method),pc ⊔ level(eventType) ⊔ level(method) ⊔ level(priority) ⊔ level(sticky) ⊔ level(this) ⊔ level(threadMode) ⊔ obj_level(eventType) ⊔ obj_level(method) ⊔ obj_level(this) ⊔ obj_level(threadMode)
org.greenrobot.eventbus.SubscriberMethod.meth,obj_level(eventType),pc ⊔ level(eventType) ⊔ level(method) ⊔ level(priority) ⊔ level(sticky) ⊔ level(this) ⊔ level(threadMode) ⊔ obj_level(eventType) ⊔ obj_level(method) ⊔ obj_level(this) ⊔ obj_level(threadMode)
org.greenrobot.eventbus.SubscriberMethod.meth,obj_level(this),pc ⊔ level(eventType) ⊔ level(method) ⊔ level(priority) ⊔ level(sticky) ⊔ level(this) ⊔ level(threadMode) ⊔ obj_level(eventType) ⊔ obj_level(method) ⊔ obj_level(this) ⊔ obj_level(threadMode)
org.greenrobot.eventbus.SubscriberMethod.meth,obj_level(threadMode),pc ⊔ level(this) ⊔ obj_level(this) ⊔ obj_level(threadMode)
org.greenrobot.eventbus.EventBus$PostingThreadState.meth,obj_level(this),pc ⊔ level(this) ⊔ obj_level(this)
org.greenrobot.eventbus.MainThreadSupport$AndroidHandlerMainThreadSupport.meth,obj_level(this),pc ⊔ level(looper) ⊔ level(this) ⊔ obj_level(looper) ⊔ obj_level(this)
org.greenrobot.eventbus.MainThreadSupport$AndroidHandlerMainThreadSupport.meth,obj_level(looper),pc ⊔ level(this) ⊔ obj_level(looper) ⊔ obj_level(this)
org.greenrobot.eventbus.util.ErrorDialogManager$SupportManagerFragment.meth,obj_level(this),pc ⊔ level(this) ⊔ obj_level(this)
org.greenrobot.eventbus.Logger$AndroidLogger.meth,obj_level(this),pc ⊔ level(tag) ⊔ level(this) ⊔ obj_level(tag) ⊔ obj_level(this)
org.greenrobot.eventbus.Logger$AndroidLogger.meth,obj_level(tag),pc ⊔ level(this) ⊔ obj_level(tag) ⊔ obj_level(this)
org.greenrobot.eventbus.PendingPostQueue.meth,obj_level(this),pc ⊔ level(this) ⊔ obj_level(this)
org.greenrobot.eventbus.util.ThrowableFailureEvent.meth,obj_level(throwable),pc ⊔ level(this) ⊔ obj_level(this) ⊔ obj_level(throwable)
org.greenrobot.eventbus.util.ThrowableFailureEvent.meth,obj_level(this),pc ⊔ level(this) ⊔ level(throwable) ⊔ obj_level(this) ⊔ obj_level(throwable)
org.greenrobot.eventbus.meta.SubscriberMethodInfo.meth,obj_level(methodName),pc ⊔ level(this) ⊔ obj_level(methodName) ⊔ obj_level(this)
org.greenrobot.eventbus.meta.SubscriberMethodInfo.meth,obj_level(threadMode),pc ⊔ level(this) ⊔ obj_level(this) ⊔ obj_level(threadMode)
org.greenrobot.eventbus.meta.SubscriberMethodInfo.meth,obj_level(this),pc ⊔ level(eventType) ⊔ level(methodName) ⊔ level(priority) ⊔ level(sticky) ⊔ level(this) ⊔ level(threadMode) ⊔ obj_level(eventType) ⊔ obj_level(methodName) ⊔ obj_level(this) ⊔ obj_level(threadMode)
org.greenrobot.eventbus.meta.SubscriberMethodInfo.meth,obj_level(eventType),pc ⊔ level(eventType) ⊔ level(methodName) ⊔ level(priority) ⊔ level(sticky) ⊔ level(this) ⊔ level(threadMode) ⊔ obj_level(eventType) ⊔ obj_level(methodName) ⊔ obj_level(this) ⊔ obj_level(threadMode)
org.greenrobot.eventbus.AsyncPoster.meth,obj_level(eventBus),pc ⊔ level(eventBus) ⊔ level(this) ⊔ obj_level(eventBus) ⊔ obj_level(this)
org.greenrobot.eventbus.AsyncPoster.meth,obj_level(this),pc ⊔ level(eventBus) ⊔ level(this) ⊔ obj_level(eventBus) ⊔ obj_level(this)
org.greenrobot.eventbus.util.ExceptionToResourceMapping.meth,obj_level(this),pc ⊔ level(this) ⊔ obj_level(this)
org.greenrobot.eventbus.SubscriberExceptionEvent.meth,obj_level(this),pc ⊔ level(causingEvent) ⊔ level(causingSubscriber) ⊔ level(eventBus) ⊔ level(this) ⊔ level(throwable) ⊔ obj_level(causingEvent)
org.greenrobot.eventbus.SubscriberExceptionEvent.meth,obj_level(throwable),pc ⊔ level(this) ⊔ obj_level(this)
org.greenrobot.eventbus.SubscriberExceptionEvent.meth,obj_level(eventBus),pc ⊔ level(causingEvent) ⊔ level(causingSubscriber) ⊔ level(eventBus) ⊔ level(this) ⊔ level(throwable) ⊔ obj_level(causingEvent)
org.greenrobot.eventbus.SubscriberExceptionEvent.meth,obj_level(causingSubscriber),pc ⊔ level(causingEvent) ⊔ level(causingSubscriber) ⊔ level(eventBus) ⊔ level(this) ⊔ level(throwable) ⊔ obj_level(causingEvent)
org.greenrobot.eventbus.SubscriberExceptionEvent.meth,obj_level(causingEvent),pc ⊔ level(causingEvent) ⊔ level(causingSubscriber) ⊔ level(eventBus) ⊔ level(this) ⊔ level(throwable) ⊔ obj_level(causingEvent)
org.greenrobot.eventbus.meta.SimpleSubscriberInfo.meth,obj_level(methodInfos),pc ⊔ level(methodInfos) ⊔ level(shouldCheckSuperclass) ⊔ level(subscriberClass) ⊔ level(this) ⊔ obj_level(methodInfos) ⊔ obj_level(this)
org.greenrobot.eventbus.meta.SimpleSubscriberInfo.meth,obj_level(subscriberClass),pc ⊔ level(methodInfos) ⊔ level(shouldCheckSuperclass) ⊔ level(subscriberClass) ⊔ level(this) ⊔ obj_level(methodInfos) ⊔ obj_level(subscriberClass) ⊔ obj_level(this)
org.greenrobot.eventbus.meta.SimpleSubscriberInfo.meth,obj_level(this),pc ⊔ level(methodInfos) ⊔ level(shouldCheckSuperclass) ⊔ level(subscriberClass) ⊔ level(this) ⊔ obj_level(methodInfos) ⊔ obj_level(this)
org.greenrobot.eventbus.Logger$SystemOutLogger.meth,obj_level(this),pc ⊔ level(this) ⊔ obj_level(this)
org.greenrobot.eventbus.NoSubscriberEvent.meth,obj_level(this),pc ⊔ level(eventBus) ⊔ level(originalEvent) ⊔ level(this) ⊔ obj_level(eventBus)
org.greenrobot.eventbus.NoSubscriberEvent.meth,obj_level(eventBus),pc ⊔ level(eventBus) ⊔ level(originalEvent) ⊔ level(this) ⊔ obj_level(eventBus)
org.greenrobot.eventbus.NoSubscriberEvent.meth,obj_level(originalEvent),pc ⊔ level(eventBus) ⊔ level(originalEvent) ⊔ level(this) ⊔ obj_level(eventBus)
org.greenrobot.eventbus.EventBus$1.meth,obj_level(this),pc ⊔ level(this) ⊔ level(this$0) ⊔ obj_level(this) ⊔ obj_level(this$0)
org.greenrobot.eventbus.EventBus$1.meth,obj_level(this$0),pc ⊔ level(this) ⊔ level(this$0) ⊔ obj_level(this) ⊔ obj_level(this$0)
org.greenrobot.eventbus.util.AsyncExecutor$1.meth,obj_level(this),pc ⊔ level(l2) ⊔ level(this) ⊔ level(this$0) ⊔ obj_level(l2) ⊔ obj_level(this) ⊔ obj_level(this$0)
org.greenrobot.eventbus.util.AsyncExecutor$1.meth,obj_level(this$0),pc ⊔ level(l2) ⊔ level(this) ⊔ level(this$0) ⊔ obj_level(l2) ⊔ obj_level(this) ⊔ obj_level(this$0)
org.greenrobot.eventbus.util.AsyncExecutor$1.meth,obj_level(l2),pc ⊔ level(l2) ⊔ level(this) ⊔ level(this$0) ⊔ obj_level(l2) ⊔ obj_level(this) ⊔ obj_level(this$0)
org.greenrobot.eventbus.SubscriberMethodFinder.meth,obj_level(this),pc ⊔ level(ignoreGeneratedIndex) ⊔ level(strictMethodVerification) ⊔ level(subscriberInfoIndexes) ⊔ level(this) ⊔ obj_level(subscriberInfoIndexes) ⊔ obj_level(this)
org.greenrobot.eventbus.SubscriberMethodFinder.meth,obj_level(subscriberInfoIndexes),pc ⊔ level(ignoreGeneratedIndex) ⊔ level(strictMethodVerification) ⊔ level(subscriberInfoIndexes) ⊔ level(this) ⊔ obj_level(subscriberInfoIndexes) ⊔ obj_level(this)
org.greenrobot.eventbus.ThreadMode.meth,obj_level(this),pc ⊔ level(l1) ⊔ level(l2) ⊔ level(this) ⊔ obj_level(l1) ⊔ obj_level(this)
org.greenrobot.eventbus.ThreadMode.meth,obj_level(l1),pc ⊔ level(l1) ⊔ level(l2) ⊔ level(this) ⊔ obj_level(l1) ⊔ obj_level(this)
org.greenrobot.eventbus.HandlerPoster.meth,obj_level(eventBus),pc ⊔ level(eventBus) ⊔ level(looper) ⊔ level(maxMillisInsideHandleMessage) ⊔ level(this) ⊔ obj_level(eventBus) ⊔ obj_level(looper) ⊔ obj_level(this)
org.greenrobot.eventbus.HandlerPoster.meth,obj_level(this),pc ⊔ level(eventBus) ⊔ level(looper) ⊔ level(maxMillisInsideHandleMessage) ⊔ level(this) ⊔ obj_level(eventBus) ⊔ obj_level(looper) ⊔ obj_level(this)
org.greenrobot.eventbus.HandlerPoster.meth,obj_level(looper),pc ⊔ level(looper) ⊔ level(this) ⊔ obj_level(looper) ⊔ obj_level(this)
org.greenrobot.eventbus.Logger$JavaLogger.meth,obj_level(this),pc ⊔ level(tag) ⊔ level(this) ⊔ obj_level(tag) ⊔ obj_level(this)
org.greenrobot.eventbus.Logger$JavaLogger.meth,obj_level(tag),pc ⊔ level(tag) ⊔ level(this) ⊔ obj_level(tag) ⊔ obj_level(this)
org.greenrobot.eventbus.SubscriberMethodFinder$FindState.meth,obj_level(this),pc ⊔ level(this) ⊔ obj_level(this)
org.greenrobot.eventbus.util.ErrorDialogFragments$Honeycomb.meth,obj_level(this),pc ⊔ level(this) ⊔ obj_level(this)
org.greenrobot.eventbus.util.ErrorDialogConfig.meth,obj_level(this),pc ⊔ level(defaultMsgId) ⊔ level(defaultTitleId) ⊔ level(resources) ⊔ level(this) ⊔ obj_level(resources) ⊔ obj_level(this)
org.greenrobot.eventbus.util.ErrorDialogConfig.meth,obj_level(resources),pc ⊔ level(this) ⊔ obj_level(resources) ⊔ obj_level(this)
org.greenrobot.eventbus.util.ErrorDialogFragmentFactory.meth,obj_level(this),pc ⊔ level(config) ⊔ level(this) ⊔ obj_level(config) ⊔ obj_level(this)
org.greenrobot.eventbus.util.ErrorDialogFragmentFactory.meth,obj_level(config),pc ⊔ level(config) ⊔ level(this) ⊔ obj_level(config) ⊔ obj_level(this)
org.greenrobot.eventbus.meta.AbstractSubscriberInfo.meth,obj_level(superSubscriberInfoClass),pc ⊔ level(shouldCheckSuperclass) ⊔ level(subscriberClass) ⊔ level(superSubscriberInfoClass) ⊔ level(this) ⊔ obj_level(superSubscriberInfoClass) ⊔ obj_level(this)
org.greenrobot.eventbus.meta.AbstractSubscriberInfo.meth,obj_level(this),pc ⊔ level(shouldCheckSuperclass) ⊔ level(subscriberClass) ⊔ level(superSubscriberInfoClass) ⊔ level(this) ⊔ obj_level(superSubscriberInfoClass) ⊔ obj_level(this)
org.greenrobot.eventbus.meta.AbstractSubscriberInfo.meth,obj_level(subscriberClass),pc ⊔ level(shouldCheckSuperclass) ⊔ level(subscriberClass) ⊔ level(superSubscriberInfoClass) ⊔ level(this) ⊔ obj_level(superSubscriberInfoClass) ⊔ obj_level(this)
org.greenrobot.eventbus.util.ErrorDialogFragmentFactory$Support.meth,obj_level(this),pc ⊔ level(config) ⊔ level(this) ⊔ obj_level(config) ⊔ obj_level(this)
org.greenrobot.eventbus.util.ErrorDialogFragmentFactory$Support.meth,obj_level(config),pc ⊔ level(config) ⊔ level(this) ⊔ obj_level(config) ⊔ obj_level(this)
org.greenrobot.eventbus.util.ErrorDialogFragments.meth,obj_level(this),pc ⊔ level(this) ⊔ obj_level(this)
org.greenrobot.eventbus.util.ErrorDialogManager$HoneycombManagerFragment.meth,obj_level(this),pc ⊔ level(this) ⊔ obj_level(this)
org.greenrobot.eventbus.util.ErrorDialogManager.meth,obj_level(this),pc ⊔ level(this) ⊔ obj_level(this)
org.greenrobot.eventbus.BackgroundPoster.meth,obj_level(this),pc ⊔ level(eventBus) ⊔ level(this) ⊔ obj_level(eventBus) ⊔ obj_level(this)
org.greenrobot.eventbus.BackgroundPoster.meth,obj_level(eventBus),pc ⊔ level(eventBus) ⊔ level(this) ⊔ obj_level(eventBus) ⊔ obj_level(this)