com.google.zxing.client.result.VCardResultParser.meth,obj_level(this),pc ⊔ level(this) ⊔ obj_level(this)
com.google.zxing.RGBLuminanceSource.meth,obj_level(this),pc ⊔ level(height) ⊔ level(pixels) ⊔ level(this) ⊔ level(width) ⊔ obj_level(pixels) ⊔ obj_level(this)
com.google.zxing.client.result.EmailAddressParsedResult.meth,obj_level(body),pc ⊔ level(this) ⊔ obj_level(body) ⊔ obj_level(this)
com.google.zxing.client.result.EmailAddressParsedResult.meth,obj_level(subject),pc ⊔ level(this) ⊔ obj_level(subject) ⊔ obj_level(this)
com.google.zxing.client.result.EmailAddressParsedResult.meth,obj_level(ccs),pc ⊔ level(this) ⊔ obj_level(ccs) ⊔ obj_level(this)
com.google.zxing.client.result.EmailAddressParsedResult.meth,obj_level(bccs),pc ⊔ level(this) ⊔ obj_level(bccs) ⊔ obj_level(this)
com.google.zxing.client.result.EmailAddressParsedResult.meth,obj_level(tos),pc ⊔ level(this) ⊔ obj_level(this) ⊔ obj_level(tos)
com.google.zxing.client.result.EmailAddressParsedResult.meth,obj_level(this),pc ⊔ level(bccs) ⊔ level(body) ⊔ level(ccs) ⊔ level(subject) ⊔ level(this) ⊔ level(tos) ⊔ obj_level(bccs) ⊔ obj_level(body) ⊔ obj_level(this)
com.google.zxing.oned.CodaBarReader.meth,obj_level(this),pc ⊔ level(this) ⊔ obj_level(this)
com.google.zxing.pdf417.encoder.PDF417HighLevelEncoder.meth,obj_level(this),pc ⊔ level(this) ⊔ obj_level(this)
com.google.zxing.qrcode.decoder.Decoder.meth,obj_level(this),pc ⊔ level(this) ⊔ obj_level(this)
com.google.zxing.qrcode.encoder.MaskUtil.meth,obj_level(this),pc ⊔ level(this) ⊔ obj_level(this)
com.google.zxing.datamatrix.encoder.MinimalEncoder$Edge.meth,obj_level(@mode),pc ⊔ level(@mode) ⊔ level(characterLength) ⊔ level(fromPosition) ⊔ level(input) ⊔ level(previous) ⊔ level(this) ⊔ obj_level(@mode) ⊔ obj_level(input) ⊔ obj_level(previous)
com.google.zxing.datamatrix.encoder.MinimalEncoder$Edge.meth,obj_level(previous),pc ⊔ level(@mode) ⊔ level(characterLength) ⊔ level(fromPosition) ⊔ level(input) ⊔ level(previous) ⊔ level(this) ⊔ obj_level(@mode) ⊔ obj_level(input) ⊔ obj_level(previous)
com.google.zxing.datamatrix.encoder.MinimalEncoder$Edge.meth,obj_level(this),pc ⊔ level(@mode) ⊔ level(characterLength) ⊔ level(fromPosition) ⊔ level(input) ⊔ level(previous) ⊔ level(this) ⊔ obj_level(@mode) ⊔ obj_level(input) ⊔ obj_level(previous)
com.google.zxing.datamatrix.encoder.MinimalEncoder$Edge.meth,obj_level(input),pc ⊔ level(@mode) ⊔ level(characterLength) ⊔ level(fromPosition) ⊔ level(input) ⊔ level(previous) ⊔ level(this) ⊔ obj_level(@mode) ⊔ obj_level(input) ⊔ obj_level(previous)
com.google.zxing.aztec.encoder.HighLevelEncoder$1.meth,obj_level(this$0),pc ⊔ level(this) ⊔ level(this$0) ⊔ obj_level(this) ⊔ obj_level(this$0)
com.google.zxing.aztec.encoder.HighLevelEncoder$1.meth,obj_level(this),pc ⊔ level(this) ⊔ level(this$0) ⊔ obj_level(this) ⊔ obj_level(this$0)
com.google.zxing.oned.rss.AbstractRSSReader.meth,obj_level(this),pc ⊔ level(this) ⊔ obj_level(this)
com.google.zxing.client.result.EmailAddressResultParser.meth,obj_level(this),pc ⊔ level(this) ⊔ obj_level(this)
com.google.zxing.oned.rss.expanded.ExpandedRow.meth,obj_level(this),pc ⊔ level(pairs) ⊔ level(rowNumber) ⊔ level(this) ⊔ obj_level(pairs) ⊔ obj_level(this)
com.google.zxing.oned.rss.expanded.ExpandedRow.meth,obj_level(pairs),pc ⊔ level(pairs) ⊔ level(rowNumber) ⊔ level(this) ⊔ obj_level(pairs) ⊔ obj_level(this)
com.google.zxing.oned.EANManufacturerOrgSupport.meth,obj_level(this),pc ⊔ level(this) ⊔ obj_level(this)
com.google.zxing.qrcode.QRCodeWriter.meth,obj_level(this),pc ⊔ level(this) ⊔ obj_level(this)
com.google.zxing.oned.rss.expanded.decoders.FieldParser.meth,obj_level(this),pc ⊔ level(this) ⊔ obj_level(this)
com.google.zxing.oned.OneDReader.meth,obj_level(this),pc ⊔ level(this) ⊔ obj_level(this)
com.google.zxing.oned.rss.expanded.RSSExpandedReader.meth,obj_level(this),pc ⊔ level(this) ⊔ obj_level(this)
com.google.zxing.common.MinimalECIInput.meth,obj_level(priorityCharset),pc ⊔ level(fnc1) ⊔ level(stringToEncode) ⊔ level(this) ⊔ obj_level(priorityCharset) ⊔ obj_level(stringToEncode) ⊔ obj_level(this)
com.google.zxing.common.MinimalECIInput.meth,obj_level(stringToEncode),pc ⊔ level(fnc1) ⊔ level(stringToEncode) ⊔ level(this) ⊔ obj_level(stringToEncode) ⊔ obj_level(this)
com.google.zxing.common.MinimalECIInput.meth,obj_level(this),pc ⊔ level(fnc1) ⊔ level(stringToEncode) ⊔ level(this) ⊔ obj_level(stringToEncode) ⊔ obj_level(this)
com.google.zxing.pdf417.detector.PDF417DetectorResult.meth,obj_level(points),pc ⊔ level(bits) ⊔ level(points) ⊔ level(rotation) ⊔ level(this) ⊔ obj_level(bits) ⊔ obj_level(points) ⊔ obj_level(this)
com.google.zxing.pdf417.detector.PDF417DetectorResult.meth,obj_level(this),pc ⊔ level(bits) ⊔ level(points) ⊔ level(rotation) ⊔ level(this) ⊔ obj_level(bits) ⊔ obj_level(points) ⊔ obj_level(this)
com.google.zxing.pdf417.detector.PDF417DetectorResult.meth,obj_level(bits),pc ⊔ level(this) ⊔ obj_level(bits) ⊔ obj_level(this)
com.google.zxing.oned.rss.expanded.decoders.BlockParsedResult.meth,obj_level(information),pc ⊔ level(this) ⊔ obj_level(information) ⊔ obj_level(this)
com.google.zxing.oned.rss.expanded.decoders.BlockParsedResult.meth,obj_level(this),pc ⊔ level(finished) ⊔ level(information) ⊔ level(this) ⊔ obj_level(information) ⊔ obj_level(this)
com.google.zxing.client.result.ParsedResult.meth,obj_level(type),pc ⊔ level(this) ⊔ obj_level(this) ⊔ obj_level(type)
com.google.zxing.client.result.ParsedResult.meth,obj_level(this),pc ⊔ level(this) ⊔ level(type) ⊔ obj_level(this) ⊔ obj_level(type)
com.google.zxing.DecodeHintType.meth,obj_level(l1),pc ⊔ level(l1) ⊔ level(l2) ⊔ level(this) ⊔ obj_level(l1) ⊔ obj_level(this)
com.google.zxing.DecodeHintType.meth,obj_level(valueType),pc ⊔ level(l1) ⊔ level(l2) ⊔ level(this) ⊔ level(valueType) ⊔ obj_level(l1) ⊔ obj_level(this) ⊔ obj_level(valueType)
com.google.zxing.DecodeHintType.meth,obj_level(this),pc ⊔ level(l1) ⊔ level(l2) ⊔ level(this) ⊔ level(valueType) ⊔ obj_level(l1) ⊔ obj_level(this) ⊔ obj_level(valueType)
com.google.zxing.oned.rss.expanded.decoders.AI01320xDecoder.meth,obj_level(information),pc ⊔ level(information) ⊔ level(this) ⊔ obj_level(information) ⊔ obj_level(this)
com.google.zxing.oned.rss.expanded.decoders.AI01320xDecoder.meth,obj_level(this),pc ⊔ level(information) ⊔ level(this) ⊔ obj_level(information) ⊔ obj_level(this)
com.google.zxing.datamatrix.encoder.X12Encoder.meth,obj_level(this),pc ⊔ level(this) ⊔ obj_level(this)
com.google.zxing.client.result.CalendarParsedResult.meth,obj_level(@summary),pc ⊔ level(durationString) ⊔ level(endString) ⊔ level(startString) ⊔ level(this) ⊔ obj_level(@summary) ⊔ obj_level(this)
com.google.zxing.client.result.CalendarParsedResult.meth,obj_level(endString),pc ⊔ level(durationString) ⊔ level(endString) ⊔ level(startString) ⊔ level(this) ⊔ obj_level(durationString) ⊔ obj_level(this)
com.google.zxing.client.result.CalendarParsedResult.meth,obj_level(description),pc ⊔ level(durationString) ⊔ level(endString) ⊔ level(startString) ⊔ level(this) ⊔ obj_level(description) ⊔ obj_level(this)
com.google.zxing.client.result.CalendarParsedResult.meth,obj_level(durationString),pc ⊔ level(durationString) ⊔ level(endString) ⊔ level(startString) ⊔ level(this) ⊔ obj_level(durationString) ⊔ obj_level(this)
com.google.zxing.client.result.CalendarParsedResult.meth,obj_level(attendees),pc ⊔ level(durationString) ⊔ level(endString) ⊔ level(startString) ⊔ level(this) ⊔ obj_level(attendees) ⊔ obj_level(durationString) ⊔ obj_level(this)
com.google.zxing.client.result.CalendarParsedResult.meth,obj_level(location),pc ⊔ level(durationString) ⊔ level(endString) ⊔ level(startString) ⊔ level(this) ⊔ obj_level(durationString) ⊔ obj_level(this)
com.google.zxing.client.result.CalendarParsedResult.meth,obj_level(this),pc ⊔ level(@summary) ⊔ level(attendees) ⊔ level(description) ⊔ level(durationString) ⊔ level(endString) ⊔ level(latitude) ⊔ level(location) ⊔ level(longitude) ⊔ level(organizer) ⊔ level(startString) ⊔ level(this) ⊔ obj_level(@summary) ⊔ obj_level(attendees) ⊔ obj_level(this)
com.google.zxing.client.result.CalendarParsedResult.meth,obj_level(organizer),pc ⊔ level(durationString) ⊔ level(endString) ⊔ level(startString) ⊔ level(this) ⊔ obj_level(durationString) ⊔ obj_level(this)
com.google.zxing.client.result.CalendarParsedResult.meth,obj_level(startString),pc ⊔ level(durationString) ⊔ level(endString) ⊔ level(startString) ⊔ level(this) ⊔ obj_level(durationString) ⊔ obj_level(this)
com.google.zxing.client.result.ResultParser.meth,obj_level(this),pc ⊔ level(this) ⊔ obj_level(this)
com.google.zxing.oned.rss.expanded.decoders.AI01weightDecoder.meth,obj_level(this),pc ⊔ level(information) ⊔ level(this) ⊔ obj_level(information) ⊔ obj_level(this)
com.google.zxing.oned.rss.expanded.decoders.AI01weightDecoder.meth,obj_level(information),pc ⊔ level(information) ⊔ level(this) ⊔ obj_level(information) ⊔ obj_level(this)
com.google.zxing.datamatrix.encoder.EdifactEncoder.meth,obj_level(this),pc ⊔ level(this) ⊔ obj_level(this)
com.google.zxing.oned.rss.expanded.decoders.AI013103decoder.meth,obj_level(this),pc ⊔ level(information) ⊔ level(this) ⊔ obj_level(information) ⊔ obj_level(this)
com.google.zxing.oned.rss.expanded.decoders.AI013103decoder.meth,obj_level(information),pc ⊔ level(information) ⊔ level(this) ⊔ obj_level(information) ⊔ obj_level(this)
com.google.zxing.qrcode.decoder.DecodedBitStreamParser.meth,obj_level(this),pc ⊔ level(this) ⊔ obj_level(this)
com.google.zxing.datamatrix.encoder.DefaultPlacement.meth,obj_level(codewords),pc ⊔ level(this) ⊔ obj_level(codewords) ⊔ obj_level(this)
com.google.zxing.datamatrix.encoder.DefaultPlacement.meth,obj_level(this),pc ⊔ level(codewords) ⊔ level(numcols) ⊔ level(numrows) ⊔ level(this) ⊔ obj_level(codewords) ⊔ obj_level(this)
com.google.zxing.ResultMetadataType.meth,obj_level(l1),pc ⊔ level(l1) ⊔ level(l2) ⊔ level(this) ⊔ obj_level(l1) ⊔ obj_level(this)
com.google.zxing.ResultMetadataType.meth,obj_level(this),pc ⊔ level(l1) ⊔ level(l2) ⊔ level(this) ⊔ obj_level(l1) ⊔ obj_level(this)
com.google.zxing.maxicode.decoder.BitMatrixParser.meth,obj_level(bitMatrix),pc ⊔ level(this) ⊔ obj_level(bitMatrix) ⊔ obj_level(this)
com.google.zxing.maxicode.decoder.BitMatrixParser.meth,obj_level(this),pc ⊔ level(bitMatrix) ⊔ level(this) ⊔ obj_level(bitMatrix) ⊔ obj_level(this)
com.google.zxing.datamatrix.encoder.Base256Encoder.meth,obj_level(this),pc ⊔ level(this) ⊔ obj_level(this)
com.google.zxing.client.result.ParsedResultType.meth,obj_level(l1),pc ⊔ level(l1) ⊔ level(l2) ⊔ level(this) ⊔ obj_level(l1) ⊔ obj_level(this)
com.google.zxing.client.result.ParsedResultType.meth,obj_level(this),pc ⊔ level(l1) ⊔ level(l2) ⊔ level(this) ⊔ obj_level(l1) ⊔ obj_level(this)
com.google.zxing.client.result.VEventResultParser.meth,obj_level(this),pc ⊔ level(this) ⊔ obj_level(this)
com.google.zxing.common.CharacterSetECI.meth,obj_level(otherEncodingNames),pc ⊔ level(l1) ⊔ level(l2) ⊔ level(this) ⊔ obj_level(l1) ⊔ obj_level(otherEncodingNames) ⊔ obj_level(this)
com.google.zxing.common.CharacterSetECI.meth,obj_level(values),pc ⊔ level(l1) ⊔ level(l2) ⊔ level(this) ⊔ obj_level(l1) ⊔ obj_level(this) ⊔ obj_level(values)
com.google.zxing.common.CharacterSetECI.meth,obj_level(l1),pc ⊔ level(l1) ⊔ level(l2) ⊔ level(this) ⊔ obj_level(l1) ⊔ obj_level(this)
com.google.zxing.common.CharacterSetECI.meth,obj_level(this),pc ⊔ level(l1) ⊔ level(l2) ⊔ level(otherEncodingNames) ⊔ level(this) ⊔ level(values) ⊔ obj_level(l1) ⊔ obj_level(otherEncodingNames) ⊔ obj_level(this) ⊔ obj_level(values)
com.google.zxing.qrcode.encoder.Encoder.meth,obj_level(this),pc ⊔ level(this) ⊔ obj_level(this)
com.google.zxing.client.result.WifiResultParser.meth,obj_level(this),pc ⊔ level(this) ⊔ obj_level(this)
com.google.zxing.datamatrix.decoder.Version.meth,obj_level(this),pc ⊔ level(dataRegionSizeColumns) ⊔ level(dataRegionSizeRows) ⊔ level(ecBlocks) ⊔ level(symbolSizeColumns) ⊔ level(symbolSizeRows) ⊔ level(this) ⊔ level(versionNumber) ⊔ obj_level(ecBlocks) ⊔ obj_level(this)
com.google.zxing.datamatrix.decoder.Version.meth,obj_level(ecBlocks),pc ⊔ level(this) ⊔ obj_level(ecBlocks) ⊔ obj_level(this)
com.google.zxing.FormatException.meth,obj_level(this),pc ⊔ level(this) ⊔ obj_level(this)
com.google.zxing.client.result.TelParsedResult.meth,obj_level(number),pc ⊔ level(this) ⊔ obj_level(number) ⊔ obj_level(this)
com.google.zxing.client.result.TelParsedResult.meth,obj_level(this),pc ⊔ level(number) ⊔ level(telURI) ⊔ level(this) ⊔ level(title) ⊔ obj_level(number) ⊔ obj_level(this)
com.google.zxing.client.result.TelParsedResult.meth,obj_level(title),pc ⊔ level(this) ⊔ obj_level(this) ⊔ obj_level(title)
com.google.zxing.client.result.TelParsedResult.meth,obj_level(telURI),pc ⊔ level(this) ⊔ obj_level(telURI) ⊔ obj_level(this)
com.google.zxing.datamatrix.encoder.C40Encoder.meth,obj_level(this),pc ⊔ level(this) ⊔ obj_level(this)
com.google.zxing.oned.UPCAReader.meth,obj_level(this),pc ⊔ level(this) ⊔ obj_level(this)
com.google.zxing.oned.rss.RSS14Reader.meth,obj_level(this),pc ⊔ level(this) ⊔ obj_level(this)
com.google.zxing.client.result.SMSParsedResult.meth,obj_level(number),pc ⊔ level(this) ⊔ obj_level(number) ⊔ obj_level(this)
com.google.zxing.client.result.SMSParsedResult.meth,obj_level(subject),pc ⊔ level(this) ⊔ obj_level(subject) ⊔ obj_level(this)
com.google.zxing.client.result.SMSParsedResult.meth,obj_level(via),pc ⊔ level(this) ⊔ obj_level(this) ⊔ obj_level(via)
com.google.zxing.client.result.SMSParsedResult.meth,obj_level(body),pc ⊔ level(this) ⊔ obj_level(body) ⊔ obj_level(this)
com.google.zxing.client.result.SMSParsedResult.meth,obj_level(this),pc ⊔ level(body) ⊔ level(number) ⊔ level(subject) ⊔ level(this) ⊔ level(via) ⊔ obj_level(body) ⊔ obj_level(this)
com.google.zxing.oned.MultiFormatOneDReader.meth,obj_level(this),pc ⊔ level(hints) ⊔ level(this) ⊔ obj_level(hints) ⊔ obj_level(this)
com.google.zxing.oned.MultiFormatOneDReader.meth,obj_level(hints),pc ⊔ level(hints) ⊔ level(this) ⊔ obj_level(hints) ⊔ obj_level(this)
com.google.zxing.pdf417.PDF417Common.meth,obj_level(this),pc ⊔ level(this) ⊔ obj_level(this)
com.google.zxing.qrcode.decoder.Version.meth,obj_level(this),pc ⊔ level(alignmentPatternCenters) ⊔ level(ecBlocks) ⊔ level(this) ⊔ level(versionNumber) ⊔ obj_level(alignmentPatternCenters) ⊔ obj_level(ecBlocks) ⊔ obj_level(this)
com.google.zxing.qrcode.decoder.Version.meth,obj_level(alignmentPatternCenters),pc ⊔ level(this) ⊔ obj_level(alignmentPatternCenters) ⊔ obj_level(this)
com.google.zxing.qrcode.decoder.Version.meth,obj_level(ecBlocks),pc ⊔ level(this) ⊔ obj_level(ecBlocks) ⊔ obj_level(this)
com.google.zxing.maxicode.MaxiCodeReader.meth,obj_level(this),pc ⊔ level(this) ⊔ obj_level(this)
com.google.zxing.multi.qrcode.QRCodeMultiReader.meth,obj_level(this),pc ⊔ level(this) ⊔ obj_level(this)
com.google.zxing.qrcode.encoder.QRCode.meth,obj_level(this),pc ⊔ level(this) ⊔ obj_level(this)
com.google.zxing.oned.CodaBarWriter.meth,obj_level(this),pc ⊔ level(this) ⊔ obj_level(this)
com.google.zxing.qrcode.encoder.BlockPair.meth,obj_level(errorCorrection),pc ⊔ level(this) ⊔ obj_level(errorCorrection) ⊔ obj_level(this)
com.google.zxing.qrcode.encoder.BlockPair.meth,obj_level(this),pc ⊔ level(data) ⊔ level(errorCorrection) ⊔ level(this) ⊔ obj_level(data) ⊔ obj_level(this)
com.google.zxing.qrcode.encoder.BlockPair.meth,obj_level(data),pc ⊔ level(this) ⊔ obj_level(data) ⊔ obj_level(this)
com.google.zxing.qrcode.decoder.FormatInformation.meth,obj_level(this),pc ⊔ level(formatInfo) ⊔ level(this) ⊔ obj_level(this)
com.google.zxing.client.result.WifiParsedResult.meth,obj_level(password),pc ⊔ level(this) ⊔ obj_level(password) ⊔ obj_level(this)
com.google.zxing.client.result.WifiParsedResult.meth,obj_level(ssid),pc ⊔ level(this) ⊔ obj_level(ssid) ⊔ obj_level(this)
com.google.zxing.client.result.WifiParsedResult.meth,obj_level(networkEncryption),pc ⊔ level(this) ⊔ obj_level(networkEncryption) ⊔ obj_level(this)
com.google.zxing.client.result.WifiParsedResult.meth,obj_level(phase2Method),pc ⊔ level(this) ⊔ obj_level(phase2Method) ⊔ obj_level(this)
com.google.zxing.client.result.WifiParsedResult.meth,obj_level(identity),pc ⊔ level(this) ⊔ obj_level(identity) ⊔ obj_level(this)
com.google.zxing.client.result.WifiParsedResult.meth,obj_level(this),pc ⊔ level(anonymousIdentity) ⊔ level(eapMethod) ⊔ level(hidden) ⊔ level(identity) ⊔ level(networkEncryption) ⊔ level(password) ⊔ level(phase2Method) ⊔ level(ssid) ⊔ level(this) ⊔ obj_level(anonymousIdentity) ⊔ obj_level(this)
com.google.zxing.client.result.WifiParsedResult.meth,obj_level(anonymousIdentity),pc ⊔ level(this) ⊔ obj_level(anonymousIdentity) ⊔ obj_level(this)
com.google.zxing.client.result.WifiParsedResult.meth,obj_level(eapMethod),pc ⊔ level(this) ⊔ obj_level(eapMethod) ⊔ obj_level(this)
com.google.zxing.oned.rss.RSSUtils.meth,obj_level(this),pc ⊔ level(this) ⊔ obj_level(this)
com.google.zxing.pdf417.decoder.Codeword.meth,obj_level(this),pc ⊔ level(bucket) ⊔ level(endX) ⊔ level(startX) ⊔ level(this) ⊔ level(value) ⊔ obj_level(this)
com.google.zxing.aztec.encoder.Encoder.meth,obj_level(this),pc ⊔ level(this) ⊔ obj_level(this)
com.google.zxing.aztec.decoder.Decoder$CorrectedBitsResult.meth,obj_level(this),pc ⊔ level(correctBits) ⊔ level(ecLevel) ⊔ level(errorsCorrected) ⊔ level(this) ⊔ obj_level(correctBits) ⊔ obj_level(this)
com.google.zxing.aztec.decoder.Decoder$CorrectedBitsResult.meth,obj_level(correctBits),pc ⊔ level(this) ⊔ obj_level(correctBits) ⊔ obj_level(this)
com.google.zxing.aztec.encoder.SimpleToken.meth,obj_level(this),pc ⊔ level(bitCount) ⊔ level(previous) ⊔ level(this) ⊔ level(value) ⊔ obj_level(previous)
com.google.zxing.aztec.encoder.SimpleToken.meth,obj_level(previous),pc ⊔ level(bitCount) ⊔ level(previous) ⊔ level(this) ⊔ level(value) ⊔ obj_level(previous)
com.google.zxing.aztec.encoder.State.meth,obj_level(token),pc ⊔ level(this) ⊔ obj_level(this) ⊔ obj_level(token)
com.google.zxing.aztec.encoder.State.meth,obj_level(this),pc ⊔ level(binaryBytes) ⊔ level(bitCount) ⊔ level(mode) ⊔ level(this) ⊔ level(token) ⊔ obj_level(this) ⊔ obj_level(token)
com.google.zxing.datamatrix.encoder.MinimalEncoder.meth,obj_level(this),pc ⊔ level(this) ⊔ obj_level(this)
com.google.zxing.common.detector.MonochromeRectangleDetector.meth,obj_level(this),pc ⊔ level(image) ⊔ level(this) ⊔ obj_level(image) ⊔ obj_level(this)
com.google.zxing.common.detector.MonochromeRectangleDetector.meth,obj_level(image),pc ⊔ level(this) ⊔ obj_level(image) ⊔ obj_level(this)
com.google.zxing.oned.rss.expanded.decoders.FieldParser$DataLength.meth,obj_level(this),pc ⊔ level(length) ⊔ level(this) ⊔ level(variable) ⊔ obj_level(this)
com.google.zxing.datamatrix.encoder.HighLevelEncoder.meth,obj_level(this),pc ⊔ level(this) ⊔ obj_level(this)
com.google.zxing.datamatrix.DataMatrixWriter.meth,obj_level(this),pc ⊔ level(this) ⊔ obj_level(this)
com.google.zxing.client.result.ISBNResultParser.meth,obj_level(this),pc ⊔ level(this) ⊔ obj_level(this)
com.google.zxing.common.BitSource.meth,obj_level(bytes),pc ⊔ level(this) ⊔ obj_level(bytes) ⊔ obj_level(this)
com.google.zxing.common.BitSource.meth,obj_level(this),pc ⊔ level(bytes) ⊔ level(this) ⊔ obj_level(bytes) ⊔ obj_level(this)
com.google.zxing.BarcodeFormat.meth,obj_level(this),pc ⊔ level(l1) ⊔ level(l2) ⊔ level(this) ⊔ obj_level(l1) ⊔ obj_level(this)
com.google.zxing.BarcodeFormat.meth,obj_level(l1),pc ⊔ level(l1) ⊔ level(l2) ⊔ level(this) ⊔ obj_level(l1) ⊔ obj_level(this)
com.google.zxing.datamatrix.decoder.DataBlock.meth,obj_level(codewords),pc ⊔ level(this) ⊔ obj_level(codewords) ⊔ obj_level(this)
com.google.zxing.datamatrix.decoder.DataBlock.meth,obj_level(this),pc ⊔ level(codewords) ⊔ level(numDataCodewords) ⊔ level(this) ⊔ obj_level(codewords) ⊔ obj_level(this)
com.google.zxing.qrcode.decoder.DataMask.meth,obj_level(l1),pc ⊔ level(l1) ⊔ level(l2) ⊔ level(this) ⊔ obj_level(l1) ⊔ obj_level(this)
com.google.zxing.qrcode.decoder.DataMask.meth,obj_level(this),pc ⊔ level(l1) ⊔ level(l2) ⊔ level(this) ⊔ obj_level(l1) ⊔ obj_level(this)
com.google.zxing.NotFoundException.meth,obj_level(this),pc ⊔ level(this) ⊔ obj_level(this)
com.google.zxing.qrcode.detector.AlignmentPattern.meth,obj_level(this),pc ⊔ level(estimatedModuleSize) ⊔ level(posX) ⊔ level(posY) ⊔ level(this) ⊔ obj_level(this)
com.google.zxing.oned.rss.expanded.decoders.AI013x0xDecoder.meth,obj_level(information),pc ⊔ level(information) ⊔ level(this) ⊔ obj_level(information) ⊔ obj_level(this)
com.google.zxing.oned.rss.expanded.decoders.AI013x0xDecoder.meth,obj_level(this),pc ⊔ level(information) ⊔ level(this) ⊔ obj_level(information) ⊔ obj_level(this)
com.google.zxing.pdf417.encoder.BarcodeRow.meth,obj_level(this),pc ⊔ level(this) ⊔ level(width) ⊔ obj_level(this)
com.google.zxing.qrcode.decoder.Version$ECBlocks.meth,obj_level(ecBlocks),pc ⊔ level(this) ⊔ obj_level(ecBlocks) ⊔ obj_level(this)
com.google.zxing.qrcode.decoder.Version$ECBlocks.meth,obj_level(this),pc ⊔ level(ecBlocks) ⊔ level(ecCodewordsPerBlock) ⊔ level(this) ⊔ obj_level(ecBlocks) ⊔ obj_level(this)
com.google.zxing.client.result.GeoResultParser.meth,obj_level(this),pc ⊔ level(this) ⊔ obj_level(this)
com.google.zxing.pdf417.encoder.BarcodeMatrix.meth,obj_level(this),pc ⊔ level(height) ⊔ level(this) ⊔ level(width) ⊔ obj_level(this)
com.google.zxing.common.reedsolomon.GenericGF.meth,obj_level(this),pc ⊔ level(b) ⊔ level(primitive) ⊔ level(size) ⊔ level(this) ⊔ obj_level(this)
com.google.zxing.Binarizer.meth,obj_level(source),pc ⊔ level(this) ⊔ obj_level(source) ⊔ obj_level(this)
com.google.zxing.Binarizer.meth,obj_level(this),pc ⊔ level(source) ⊔ level(this) ⊔ obj_level(source) ⊔ obj_level(this)
com.google.zxing.ReaderException.meth,obj_level(this),pc ⊔ level(this) ⊔ obj_level(this)
com.google.zxing.oned.OneDimensionalCodeWriter.meth,obj_level(this),pc ⊔ level(this) ⊔ obj_level(this)
com.google.zxing.pdf417.decoder.BarcodeMetadata.meth,obj_level(this),pc ⊔ level(columnCount) ⊔ level(errorCorrectionLevel) ⊔ level(rowCountLowerPart) ⊔ level(rowCountUpperPart) ⊔ level(this) ⊔ obj_level(this)
com.google.zxing.EncodeHintType.meth,obj_level(this),pc ⊔ level(l1) ⊔ level(l2) ⊔ level(this) ⊔ obj_level(l1) ⊔ obj_level(this)
com.google.zxing.EncodeHintType.meth,obj_level(l1),pc ⊔ level(l1) ⊔ level(l2) ⊔ level(this) ⊔ obj_level(l1) ⊔ obj_level(this)
com.google.zxing.common.PerspectiveTransform.meth,obj_level(this),pc ⊔ level(a11) ⊔ level(a12) ⊔ level(a13) ⊔ level(a21) ⊔ level(a22) ⊔ level(a23) ⊔ level(a31) ⊔ level(a32) ⊔ level(a33) ⊔ level(this) ⊔ obj_level(this)
com.google.zxing.WriterException.meth,obj_level(this),pc ⊔ level(this) ⊔ obj_level(this)
com.google.zxing.qrcode.detector.FinderPattern.meth,obj_level(this),pc ⊔ level(count) ⊔ level(estimatedModuleSize) ⊔ level(posX) ⊔ level(posY) ⊔ level(this) ⊔ obj_level(this)
com.google.zxing.maxicode.decoder.DecodedBitStreamParser.meth,obj_level(this),pc ⊔ level(this) ⊔ obj_level(this)
com.google.zxing.oned.ITFWriter.meth,obj_level(this),pc ⊔ level(this) ⊔ obj_level(this)
com.google.zxing.datamatrix.decoder.DecodedBitStreamParser$Mode.meth,obj_level(l1),pc ⊔ level(l1) ⊔ level(l2) ⊔ level(this) ⊔ obj_level(l1) ⊔ obj_level(this)
com.google.zxing.datamatrix.decoder.DecodedBitStreamParser$Mode.meth,obj_level(this),pc ⊔ level(l1) ⊔ level(l2) ⊔ level(this) ⊔ obj_level(l1) ⊔ obj_level(this)
com.google.zxing.datamatrix.decoder.Decoder.meth,obj_level(this),pc ⊔ level(this) ⊔ obj_level(this)
com.google.zxing.aztec.detector.Detector$Point.meth,obj_level(this),pc ⊔ level(this) ⊔ level(x) ⊔ level(y) ⊔ obj_level(this)
com.google.zxing.MultiFormatWriter.meth,obj_level(this),pc ⊔ level(this) ⊔ obj_level(this)
com.google.zxing.oned.UPCEANWriter.meth,obj_level(this),pc ⊔ level(this) ⊔ obj_level(this)
com.google.zxing.aztec.AztecReader.meth,obj_level(this),pc ⊔ level(this) ⊔ obj_level(this)
com.google.zxing.qrcode.QRCodeReader.meth,obj_level(this),pc ⊔ level(this) ⊔ obj_level(this)
com.google.zxing.qrcode.encoder.ByteMatrix.meth,obj_level(this),pc ⊔ level(height) ⊔ level(this) ⊔ level(width) ⊔ obj_level(this)
com.google.zxing.datamatrix.encoder.MinimalEncoder$Mode.meth,obj_level(this),pc ⊔ level(l1) ⊔ level(l2) ⊔ level(this) ⊔ obj_level(l1) ⊔ obj_level(this)
com.google.zxing.datamatrix.encoder.MinimalEncoder$Mode.meth,obj_level(l1),pc ⊔ level(l1) ⊔ level(l2) ⊔ level(this) ⊔ obj_level(l1) ⊔ obj_level(this)
com.google.zxing.aztec.encoder.AztecCode.meth,obj_level(this),pc ⊔ level(this) ⊔ obj_level(this)
com.google.zxing.oned.rss.expanded.decoders.DecodedChar.meth,obj_level(this),pc ⊔ level(newPosition) ⊔ level(this) ⊔ level(value) ⊔ obj_level(this)
com.google.zxing.oned.rss.expanded.decoders.CurrentParsingState.meth,obj_level(this),pc ⊔ level(this) ⊔ obj_level(this)
com.google.zxing.oned.rss.FinderPattern.meth,obj_level(startEnd),pc ⊔ level(this) ⊔ obj_level(startEnd) ⊔ obj_level(this)
com.google.zxing.oned.rss.FinderPattern.meth,obj_level(this),pc ⊔ level(end) ⊔ level(rowNumber) ⊔ level(start) ⊔ level(startEnd) ⊔ level(this) ⊔ level(value) ⊔ obj_level(startEnd) ⊔ obj_level(this)
com.google.zxing.oned.UPCEANReader.meth,obj_level(this),pc ⊔ level(this) ⊔ obj_level(this)
com.google.zxing.aztec.encoder.BinaryShiftToken.meth,obj_level(this),pc ⊔ level(binaryShiftByteCount) ⊔ level(binaryShiftStart) ⊔ level(previous) ⊔ level(this) ⊔ obj_level(previous)
com.google.zxing.aztec.encoder.BinaryShiftToken.meth,obj_level(previous),pc ⊔ level(binaryShiftByteCount) ⊔ level(binaryShiftStart) ⊔ level(previous) ⊔ level(this) ⊔ obj_level(previous)
com.google.zxing.aztec.detector.Detector$CorrectedParameter.meth,obj_level(this),pc ⊔ level(data) ⊔ level(errorsCorrected) ⊔ level(this) ⊔ obj_level(this)
com.google.zxing.client.result.TelResultParser.meth,obj_level(this),pc ⊔ level(this) ⊔ obj_level(this)
com.google.zxing.client.result.BizcardResultParser.meth,obj_level(this),pc ⊔ level(this) ⊔ obj_level(this)
com.google.zxing.oned.Code128Writer$MinimalEncoder$Latch.meth,obj_level(this),pc ⊔ level(l1) ⊔ level(l2) ⊔ level(this) ⊔ obj_level(l1) ⊔ obj_level(this)
com.google.zxing.oned.Code128Writer$MinimalEncoder$Latch.meth,obj_level(l1),pc ⊔ level(l1) ⊔ level(l2) ⊔ level(this) ⊔ obj_level(l1) ⊔ obj_level(this)
com.google.zxing.oned.UPCEANExtension5Support.meth,obj_level(this),pc ⊔ level(this) ⊔ obj_level(this)
com.google.zxing.oned.rss.expanded.decoders.AI01393xDecoder.meth,obj_level(this),pc ⊔ level(information) ⊔ level(this) ⊔ obj_level(information) ⊔ obj_level(this)
com.google.zxing.oned.rss.expanded.decoders.AI01393xDecoder.meth,obj_level(information),pc ⊔ level(information) ⊔ level(this) ⊔ obj_level(information) ⊔ obj_level(this)
com.google.zxing.common.ECIStringBuilder.meth,obj_level(this),pc ⊔ level(this) ⊔ obj_level(this)
com.google.zxing.aztec.AztecWriter.meth,obj_level(this),pc ⊔ level(this) ⊔ obj_level(this)
com.google.zxing.client.result.BookmarkDoCoMoResultParser.meth,obj_level(this),pc ⊔ level(this) ⊔ obj_level(this)
com.google.zxing.oned.ITFReader.meth,obj_level(this),pc ⊔ level(this) ⊔ obj_level(this)
com.google.zxing.common.detector.MathUtils.meth,obj_level(this),pc ⊔ level(this) ⊔ obj_level(this)
com.google.zxing.client.result.SMTPResultParser.meth,obj_level(this),pc ⊔ level(this) ⊔ obj_level(this)
com.google.zxing.oned.rss.expanded.decoders.AnyAIDecoder.meth,obj_level(this),pc ⊔ level(information) ⊔ level(this) ⊔ obj_level(information) ⊔ obj_level(this)
com.google.zxing.oned.rss.expanded.decoders.AnyAIDecoder.meth,obj_level(information),pc ⊔ level(information) ⊔ level(this) ⊔ obj_level(information) ⊔ obj_level(this)
com.google.zxing.datamatrix.encoder.MinimalEncoder$Result.meth,obj_level(solution),pc ⊔ level(solution) ⊔ level(this) ⊔ obj_level(solution) ⊔ obj_level(this)
com.google.zxing.datamatrix.encoder.MinimalEncoder$Result.meth,obj_level(this),pc ⊔ level(solution) ⊔ level(this) ⊔ obj_level(solution) ⊔ obj_level(this)
com.google.zxing.qrcode.decoder.Version$ECB.meth,obj_level(this),pc ⊔ level(count) ⊔ level(dataCodewords) ⊔ level(this) ⊔ obj_level(this)
com.google.zxing.client.result.ExpandedProductParsedResult.meth,obj_level(rawText),pc ⊔ level(this) ⊔ obj_level(rawText) ⊔ obj_level(this)
com.google.zxing.client.result.ExpandedProductParsedResult.meth,obj_level(weight),pc ⊔ level(this) ⊔ obj_level(this) ⊔ obj_level(weight)
com.google.zxing.client.result.ExpandedProductParsedResult.meth,obj_level(priceCurrency),pc ⊔ level(this) ⊔ obj_level(priceCurrency) ⊔ obj_level(this)
com.google.zxing.client.result.ExpandedProductParsedResult.meth,obj_level(priceIncrement),pc ⊔ level(this) ⊔ obj_level(priceIncrement) ⊔ obj_level(this)
com.google.zxing.client.result.ExpandedProductParsedResult.meth,obj_level(uncommonAIs),pc ⊔ level(bestBeforeDate) ⊔ level(expirationDate) ⊔ level(lotNumber) ⊔ level(packagingDate) ⊔ level(price) ⊔ level(priceCurrency) ⊔ level(priceIncrement) ⊔ level(productID) ⊔ level(productionDate) ⊔ level(rawText) ⊔ level(sscc) ⊔ level(this) ⊔ level(uncommonAIs) ⊔ level(weight) ⊔ level(weightIncrement) ⊔ level(weightType) ⊔ obj_level(bestBeforeDate) ⊔ obj_level(this) ⊔ obj_level(uncommonAIs)
com.google.zxing.client.result.ExpandedProductParsedResult.meth,obj_level(weightType),pc ⊔ level(this) ⊔ obj_level(this) ⊔ obj_level(weightType)
com.google.zxing.client.result.ExpandedProductParsedResult.meth,obj_level(price),pc ⊔ level(this) ⊔ obj_level(price) ⊔ obj_level(this)
com.google.zxing.client.result.ExpandedProductParsedResult.meth,obj_level(productionDate),pc ⊔ level(this) ⊔ obj_level(productionDate) ⊔ obj_level(this)
com.google.zxing.client.result.ExpandedProductParsedResult.meth,obj_level(weightIncrement),pc ⊔ level(this) ⊔ obj_level(this) ⊔ obj_level(weightIncrement)
com.google.zxing.client.result.ExpandedProductParsedResult.meth,obj_level(expirationDate),pc ⊔ level(this) ⊔ obj_level(expirationDate) ⊔ obj_level(this)
com.google.zxing.client.result.ExpandedProductParsedResult.meth,obj_level(lotNumber),pc ⊔ level(this) ⊔ obj_level(lotNumber) ⊔ obj_level(this)
com.google.zxing.client.result.ExpandedProductParsedResult.meth,obj_level(bestBeforeDate),pc ⊔ level(this) ⊔ obj_level(bestBeforeDate) ⊔ obj_level(this)
com.google.zxing.client.result.ExpandedProductParsedResult.meth,obj_level(packagingDate),pc ⊔ level(this) ⊔ obj_level(packagingDate) ⊔ obj_level(this)
com.google.zxing.client.result.ExpandedProductParsedResult.meth,obj_level(productID),pc ⊔ level(this) ⊔ obj_level(productID) ⊔ obj_level(this)
com.google.zxing.client.result.ExpandedProductParsedResult.meth,obj_level(sscc),pc ⊔ level(this) ⊔ obj_level(sscc) ⊔ obj_level(this)
com.google.zxing.client.result.ExpandedProductParsedResult.meth,obj_level(this),pc ⊔ level(bestBeforeDate) ⊔ level(expirationDate) ⊔ level(lotNumber) ⊔ level(packagingDate) ⊔ level(price) ⊔ level(priceCurrency) ⊔ level(priceIncrement) ⊔ level(productID) ⊔ level(productionDate) ⊔ level(rawText) ⊔ level(sscc) ⊔ level(this) ⊔ level(uncommonAIs) ⊔ level(weight) ⊔ level(weightIncrement) ⊔ level(weightType) ⊔ obj_level(bestBeforeDate) ⊔ obj_level(this) ⊔ obj_level(uncommonAIs)
com.google.zxing.pdf417.encoder.PDF417HighLevelEncoderTestAdapter.meth,obj_level(this),pc ⊔ level(this) ⊔ obj_level(this)
com.google.zxing.pdf417.encoder.PDF417ErrorCorrection.meth,obj_level(this),pc ⊔ level(this) ⊔ obj_level(this)
com.google.zxing.datamatrix.decoder.DecodedBitStreamParser.meth,obj_level(this),pc ⊔ level(this) ⊔ obj_level(this)
com.google.zxing.common.StringUtils.meth,obj_level(this),pc ⊔ level(this) ⊔ obj_level(this)
com.google.zxing.datamatrix.detector.Detector.meth,obj_level(this),pc ⊔ level(image) ⊔ level(this) ⊔ obj_level(image) ⊔ obj_level(this)
com.google.zxing.datamatrix.detector.Detector.meth,obj_level(image),pc ⊔ level(this) ⊔ obj_level(image) ⊔ obj_level(this)
com.google.zxing.client.result.VINParsedResult.meth,obj_level(vehicleAttributes),pc ⊔ level(this) ⊔ obj_level(this) ⊔ obj_level(vehicleAttributes)
com.google.zxing.client.result.VINParsedResult.meth,obj_level(worldManufacturerID),pc ⊔ level(this) ⊔ obj_level(this) ⊔ obj_level(worldManufacturerID)
com.google.zxing.client.result.VINParsedResult.meth,obj_level(countryCode),pc ⊔ level(this) ⊔ obj_level(countryCode) ⊔ obj_level(this)
com.google.zxing.client.result.VINParsedResult.meth,obj_level(vehicleDescriptorSection),pc ⊔ level(this) ⊔ obj_level(this) ⊔ obj_level(vehicleDescriptorSection)
com.google.zxing.client.result.VINParsedResult.meth,obj_level(this),pc ⊔ level(countryCode) ⊔ level(modelYear) ⊔ level(plantCode) ⊔ level(sequentialNumber) ⊔ level(this) ⊔ level(vehicleAttributes) ⊔ level(vehicleDescriptorSection) ⊔ level(vehicleIdentifierSection) ⊔ level(vin) ⊔ level(worldManufacturerID) ⊔ obj_level(countryCode) ⊔ obj_level(this)
com.google.zxing.client.result.VINParsedResult.meth,obj_level(vin),pc ⊔ level(this) ⊔ obj_level(this) ⊔ obj_level(vin)
com.google.zxing.client.result.VINParsedResult.meth,obj_level(vehicleIdentifierSection),pc ⊔ level(this) ⊔ obj_level(this) ⊔ obj_level(vehicleIdentifierSection)
com.google.zxing.client.result.VINParsedResult.meth,obj_level(sequentialNumber),pc ⊔ level(this) ⊔ obj_level(sequentialNumber) ⊔ obj_level(this)
com.google.zxing.multi.qrcode.detector.MultiDetector.meth,obj_level(this),pc ⊔ level(image) ⊔ level(this) ⊔ obj_level(image) ⊔ obj_level(this)
com.google.zxing.multi.qrcode.detector.MultiDetector.meth,obj_level(image),pc ⊔ level(image) ⊔ level(this) ⊔ obj_level(image) ⊔ obj_level(this)
com.google.zxing.oned.UPCEANExtension2Support.meth,obj_level(this),pc ⊔ level(this) ⊔ obj_level(this)
com.google.zxing.oned.rss.expanded.decoders.AbstractExpandedDecoder.meth,obj_level(this),pc ⊔ level(information) ⊔ level(this) ⊔ obj_level(information) ⊔ obj_level(this)
com.google.zxing.oned.rss.expanded.decoders.AbstractExpandedDecoder.meth,obj_level(information),pc ⊔ level(information) ⊔ level(this) ⊔ obj_level(information) ⊔ obj_level(this)
com.google.zxing.pdf417.decoder.PDF417CodewordDecoder.meth,obj_level(this),pc ⊔ level(this) ⊔ obj_level(this)
com.google.zxing.pdf417.decoder.DetectionResultRowIndicatorColumn.meth,obj_level(this),pc ⊔ level(boundingBox) ⊔ level(isLeft) ⊔ level(this) ⊔ obj_level(boundingBox) ⊔ obj_level(this)
com.google.zxing.pdf417.decoder.DetectionResultRowIndicatorColumn.meth,obj_level(boundingBox),pc ⊔ level(boundingBox) ⊔ level(this) ⊔ obj_level(boundingBox) ⊔ obj_level(this)
com.google.zxing.pdf417.detector.Detector.meth,obj_level(this),pc ⊔ level(this) ⊔ obj_level(this)
com.google.zxing.pdf417.encoder.PDF417HighLevelEncoder$NoECIInput.meth,obj_level(input),pc ⊔ level(this) ⊔ obj_level(input) ⊔ obj_level(this)
com.google.zxing.pdf417.encoder.PDF417HighLevelEncoder$NoECIInput.meth,obj_level(this),pc ⊔ level(input) ⊔ level(this) ⊔ obj_level(input) ⊔ obj_level(this)
com.google.zxing.qrcode.encoder.MatrixUtil.meth,obj_level(this),pc ⊔ level(this) ⊔ obj_level(this)
com.google.zxing.common.reedsolomon.ReedSolomonException.meth,obj_level(this),pc ⊔ level(message) ⊔ level(this) ⊔ obj_level(message) ⊔ obj_level(this)
com.google.zxing.common.GridSampler.meth,obj_level(this),pc ⊔ level(this) ⊔ obj_level(this)
com.google.zxing.oned.rss.expanded.decoders.CurrentParsingState$State.meth,obj_level(this),pc ⊔ level(l1) ⊔ level(l2) ⊔ level(this) ⊔ obj_level(l1) ⊔ obj_level(this)
com.google.zxing.oned.rss.expanded.decoders.CurrentParsingState$State.meth,obj_level(l1),pc ⊔ level(l1) ⊔ level(l2) ⊔ level(this) ⊔ obj_level(l1) ⊔ obj_level(this)
com.google.zxing.pdf417.decoder.BoundingBox.meth,obj_level(@topLeft),pc ⊔ level(@bottomLeft) ⊔ level(@bottomRight) ⊔ level(@topLeft) ⊔ level(@topRight) ⊔ level(image) ⊔ level(this) ⊔ obj_level(@bottomLeft) ⊔ obj_level(image) ⊔ obj_level(this)
com.google.zxing.pdf417.decoder.BoundingBox.meth,obj_level(@bottomLeft),pc ⊔ level(@bottomLeft) ⊔ level(@bottomRight) ⊔ level(@topLeft) ⊔ level(@topRight) ⊔ level(image) ⊔ level(this) ⊔ obj_level(@bottomLeft) ⊔ obj_level(image) ⊔ obj_level(this)
com.google.zxing.pdf417.decoder.BoundingBox.meth,obj_level(@bottomRight),pc ⊔ level(@bottomLeft) ⊔ level(@bottomRight) ⊔ level(@topLeft) ⊔ level(@topRight) ⊔ level(image) ⊔ level(this) ⊔ obj_level(@bottomLeft) ⊔ obj_level(image) ⊔ obj_level(this)
com.google.zxing.pdf417.decoder.BoundingBox.meth,obj_level(image),pc ⊔ level(this) ⊔ obj_level(image) ⊔ obj_level(this)
com.google.zxing.pdf417.decoder.BoundingBox.meth,obj_level(@topRight),pc ⊔ level(@bottomLeft) ⊔ level(@bottomRight) ⊔ level(@topLeft) ⊔ level(@topRight) ⊔ level(image) ⊔ level(this) ⊔ obj_level(@bottomLeft) ⊔ obj_level(image) ⊔ obj_level(this)
com.google.zxing.pdf417.decoder.BoundingBox.meth,obj_level(this),pc ⊔ level(@bottomLeft) ⊔ level(@bottomRight) ⊔ level(@topLeft) ⊔ level(@topRight) ⊔ level(image) ⊔ level(this) ⊔ obj_level(@bottomLeft) ⊔ obj_level(image) ⊔ obj_level(this)
com.google.zxing.client.result.EmailDoCoMoResultParser.meth,obj_level(this),pc ⊔ level(this) ⊔ obj_level(this)
com.google.zxing.common.DefaultGridSampler.meth,obj_level(this),pc ⊔ level(this) ⊔ obj_level(this)
com.google.zxing.datamatrix.encoder.EncoderContext.meth,obj_level(this),pc ⊔ level(msg) ⊔ level(this) ⊔ obj_level(msg) ⊔ obj_level(this)
com.google.zxing.datamatrix.encoder.EncoderContext.meth,obj_level(msg),pc ⊔ level(msg) ⊔ level(this) ⊔ obj_level(msg) ⊔ obj_level(this)
com.google.zxing.client.result.VINResultParser.meth,obj_level(this),pc ⊔ level(this) ⊔ obj_level(this)
com.google.zxing.qrcode.encoder.MinimalEncoder$Edge.meth,obj_level(previous),pc ⊔ level(characterLength) ⊔ level(charsetEncoderIndex) ⊔ level(fromPosition) ⊔ level(l1) ⊔ level(mode) ⊔ level(previous) ⊔ level(this) ⊔ level(version) ⊔ obj_level(l1) ⊔ obj_level(mode) ⊔ obj_level(previous) ⊔ obj_level(version)
com.google.zxing.qrcode.encoder.MinimalEncoder$Edge.meth,obj_level(this),pc ⊔ level(characterLength) ⊔ level(charsetEncoderIndex) ⊔ level(fromPosition) ⊔ level(l1) ⊔ level(mode) ⊔ level(previous) ⊔ level(this) ⊔ level(version) ⊔ obj_level(l1) ⊔ obj_level(mode) ⊔ obj_level(previous) ⊔ obj_level(version)
com.google.zxing.qrcode.encoder.MinimalEncoder$Edge.meth,obj_level(version),pc ⊔ level(characterLength) ⊔ level(charsetEncoderIndex) ⊔ level(fromPosition) ⊔ level(l1) ⊔ level(mode) ⊔ level(previous) ⊔ level(this) ⊔ obj_level(l1) ⊔ obj_level(mode) ⊔ obj_level(previous) ⊔ obj_level(version)
com.google.zxing.qrcode.encoder.MinimalEncoder$Edge.meth,obj_level(mode),pc ⊔ level(characterLength) ⊔ level(charsetEncoderIndex) ⊔ level(fromPosition) ⊔ level(l1) ⊔ level(mode) ⊔ level(previous) ⊔ level(this) ⊔ obj_level(l1) ⊔ obj_level(mode) ⊔ obj_level(previous)
com.google.zxing.qrcode.encoder.MinimalEncoder$Edge.meth,obj_level(l1),pc ⊔ level(characterLength) ⊔ level(charsetEncoderIndex) ⊔ level(fromPosition) ⊔ level(l1) ⊔ level(mode) ⊔ level(previous) ⊔ level(this) ⊔ level(version) ⊔ obj_level(l1) ⊔ obj_level(mode) ⊔ obj_level(previous) ⊔ obj_level(version)
com.google.zxing.ResultPoint.meth,obj_level(this),pc ⊔ level(this) ⊔ level(x) ⊔ level(y) ⊔ obj_level(this)
com.google.zxing.client.result.AddressBookDoCoMoResultParser.meth,obj_level(this),pc ⊔ level(this) ⊔ obj_level(this)
com.google.zxing.pdf417.encoder.Compaction.meth,obj_level(this),pc ⊔ level(l1) ⊔ level(l2) ⊔ level(this) ⊔ obj_level(l1) ⊔ obj_level(this)
com.google.zxing.pdf417.encoder.Compaction.meth,obj_level(l1),pc ⊔ level(l1) ⊔ level(l2) ⊔ level(this) ⊔ obj_level(l1) ⊔ obj_level(this)
com.google.zxing.pdf417.decoder.DetectionResult.meth,obj_level(barcodeMetadata),pc ⊔ level(this) ⊔ obj_level(barcodeMetadata) ⊔ obj_level(this)
com.google.zxing.pdf417.decoder.DetectionResult.meth,obj_level(this),pc ⊔ level(barcodeMetadata) ⊔ level(boundingBox) ⊔ level(this) ⊔ obj_level(barcodeMetadata) ⊔ obj_level(boundingBox) ⊔ obj_level(this)
com.google.zxing.pdf417.decoder.DetectionResult.meth,obj_level(boundingBox),pc ⊔ level(this) ⊔ obj_level(boundingBox) ⊔ obj_level(this)
com.google.zxing.common.GlobalHistogramBinarizer.meth,obj_level(source),pc ⊔ level(source) ⊔ level(this) ⊔ obj_level(source) ⊔ obj_level(this)
com.google.zxing.common.GlobalHistogramBinarizer.meth,obj_level(this),pc ⊔ level(source) ⊔ level(this) ⊔ obj_level(source) ⊔ obj_level(this)
com.google.zxing.client.result.URIResultParser.meth,obj_level(this),pc ⊔ level(this) ⊔ obj_level(this)
com.google.zxing.common.HybridBinarizer.meth,obj_level(this),pc ⊔ level(source) ⊔ level(this) ⊔ obj_level(source) ⊔ obj_level(this)
com.google.zxing.common.HybridBinarizer.meth,obj_level(source),pc ⊔ level(source) ⊔ level(this) ⊔ obj_level(source) ⊔ obj_level(this)
com.google.zxing.pdf417.decoder.BarcodeValue.meth,obj_level(this),pc ⊔ level(this) ⊔ obj_level(this)
com.google.zxing.oned.rss.expanded.decoders.DecodedInformation.meth,obj_level(newString),pc ⊔ level(newPosition) ⊔ level(this) ⊔ obj_level(newString) ⊔ obj_level(this)
com.google.zxing.oned.rss.expanded.decoders.DecodedInformation.meth,obj_level(this),pc ⊔ level(newPosition) ⊔ level(newString) ⊔ level(this) ⊔ obj_level(newString) ⊔ obj_level(this)
com.google.zxing.qrcode.encoder.MinimalEncoder$VersionSize.meth,obj_level(description),pc ⊔ level(l1) ⊔ level(l2) ⊔ level(this) ⊔ obj_level(l1) ⊔ obj_level(this)
com.google.zxing.qrcode.encoder.MinimalEncoder$VersionSize.meth,obj_level(l1),pc ⊔ level(l1) ⊔ level(l2) ⊔ level(this) ⊔ obj_level(l1) ⊔ obj_level(this)
com.google.zxing.qrcode.encoder.MinimalEncoder$VersionSize.meth,obj_level(this),pc ⊔ level(description) ⊔ level(l1) ⊔ level(l2) ⊔ level(this) ⊔ obj_level(l1) ⊔ obj_level(this)
com.google.zxing.datamatrix.encoder.ErrorCorrection.meth,obj_level(this),pc ⊔ level(this) ⊔ obj_level(this)
com.google.zxing.datamatrix.encoder.SymbolShapeHint.meth,obj_level(this),pc ⊔ level(l1) ⊔ level(l2) ⊔ level(this) ⊔ obj_level(l1) ⊔ obj_level(this)
com.google.zxing.datamatrix.encoder.SymbolShapeHint.meth,obj_level(l1),pc ⊔ level(l1) ⊔ level(l2) ⊔ level(this) ⊔ obj_level(l1) ⊔ obj_level(this)
com.google.zxing.pdf417.encoder.Dimensions.meth,obj_level(this),pc ⊔ level(maxCols) ⊔ level(maxRows) ⊔ level(minCols) ⊔ level(minRows) ⊔ level(this) ⊔ obj_level(this)
com.google.zxing.common.reedsolomon.ReedSolomonDecoder.meth,obj_level(this),pc ⊔ level(field) ⊔ level(this) ⊔ obj_level(field) ⊔ obj_level(this)
com.google.zxing.common.reedsolomon.ReedSolomonDecoder.meth,obj_level(field),pc ⊔ level(this) ⊔ obj_level(field) ⊔ obj_level(this)
com.google.zxing.oned.UPCEWriter.meth,obj_level(this),pc ⊔ level(this) ⊔ obj_level(this)
com.google.zxing.qrcode.encoder.MinimalEncoder.meth,obj_level(this),pc ⊔ level(ecLevel) ⊔ level(isGS1) ⊔ level(stringToEncode) ⊔ level(this) ⊔ obj_level(ecLevel) ⊔ obj_level(stringToEncode) ⊔ obj_level(this)
com.google.zxing.qrcode.encoder.MinimalEncoder.meth,obj_level(stringToEncode),pc ⊔ level(this) ⊔ obj_level(stringToEncode) ⊔ obj_level(this)
com.google.zxing.qrcode.encoder.MinimalEncoder.meth,obj_level(ecLevel),pc ⊔ level(this) ⊔ obj_level(ecLevel) ⊔ obj_level(this)
com.google.zxing.qrcode.encoder.MinimalEncoder.meth,obj_level(priorityCharset),pc ⊔ level(ecLevel) ⊔ level(isGS1) ⊔ level(stringToEncode) ⊔ level(this) ⊔ obj_level(ecLevel) ⊔ obj_level(priorityCharset) ⊔ obj_level(stringToEncode) ⊔ obj_level(this)
com.google.zxing.qrcode.detector.FinderPatternFinder.meth,obj_level(this),pc ⊔ level(image) ⊔ level(resultPointCallback) ⊔ level(this) ⊔ obj_level(image) ⊔ obj_level(resultPointCallback) ⊔ obj_level(this)
com.google.zxing.qrcode.detector.FinderPatternFinder.meth,obj_level(resultPointCallback),pc ⊔ level(this) ⊔ obj_level(resultPointCallback) ⊔ obj_level(this)
com.google.zxing.qrcode.detector.FinderPatternFinder.meth,obj_level(image),pc ⊔ level(this) ⊔ obj_level(image) ⊔ obj_level(this)
com.google.zxing.qrcode.detector.FinderPatternInfo.meth,obj_level(patternCenters),pc ⊔ level(this) ⊔ obj_level(patternCenters) ⊔ obj_level(this)
com.google.zxing.qrcode.detector.FinderPatternInfo.meth,obj_level(this),pc ⊔ level(patternCenters) ⊔ level(this) ⊔ obj_level(patternCenters) ⊔ obj_level(this)
com.google.zxing.aztec.decoder.Decoder$Table.meth,obj_level(l1),pc ⊔ level(l1) ⊔ level(l2) ⊔ level(this) ⊔ obj_level(l1) ⊔ obj_level(this)
com.google.zxing.aztec.decoder.Decoder$Table.meth,obj_level(this),pc ⊔ level(l1) ⊔ level(l2) ⊔ level(this) ⊔ obj_level(l1) ⊔ obj_level(this)
com.google.zxing.MultiFormatReader.meth,obj_level(this),pc ⊔ level(this) ⊔ obj_level(this)
com.google.zxing.maxicode.decoder.Decoder.meth,obj_level(this),pc ⊔ level(this) ⊔ obj_level(this)
com.google.zxing.client.result.SMSTOMMSTOResultParser.meth,obj_level(this),pc ⊔ level(this) ⊔ obj_level(this)
com.google.zxing.oned.Code93Reader.meth,obj_level(this),pc ⊔ level(this) ⊔ obj_level(this)
com.google.zxing.qrcode.decoder.BitMatrixParser.meth,obj_level(this),pc ⊔ level(bitMatrix) ⊔ level(this) ⊔ obj_level(bitMatrix) ⊔ obj_level(this)
com.google.zxing.qrcode.decoder.BitMatrixParser.meth,obj_level(bitMatrix),pc ⊔ level(this) ⊔ obj_level(bitMatrix) ⊔ obj_level(this)
com.google.zxing.aztec.encoder.Token.meth,obj_level(previous),pc ⊔ level(previous) ⊔ level(this) ⊔ obj_level(previous)
com.google.zxing.aztec.encoder.Token.meth,obj_level(this),pc ⊔ level(previous) ⊔ level(this) ⊔ obj_level(previous)
com.google.zxing.client.result.URIParsedResult.meth,obj_level(title),pc ⊔ level(@uri) ⊔ level(this) ⊔ obj_level(@uri) ⊔ obj_level(this)
com.google.zxing.client.result.URIParsedResult.meth,obj_level(this),pc ⊔ level(@uri) ⊔ level(this) ⊔ level(title) ⊔ obj_level(@uri) ⊔ obj_level(this)
com.google.zxing.client.result.URIParsedResult.meth,obj_level(@uri),pc ⊔ level(@uri) ⊔ level(this) ⊔ obj_level(@uri) ⊔ obj_level(this)
com.google.zxing.pdf417.decoder.DecodedBitStreamParser$Mode.meth,obj_level(this),pc ⊔ level(l1) ⊔ level(l2) ⊔ level(this) ⊔ obj_level(l1) ⊔ obj_level(this)
com.google.zxing.pdf417.decoder.DecodedBitStreamParser$Mode.meth,obj_level(l1),pc ⊔ level(l1) ⊔ level(l2) ⊔ level(this) ⊔ obj_level(l1) ⊔ obj_level(this)
com.google.zxing.client.result.AddressBookParsedResult.meth,obj_level(nicknames),pc ⊔ level(addressTypes) ⊔ level(addresses) ⊔ level(emailTypes) ⊔ level(emails) ⊔ level(phoneNumbers) ⊔ level(phoneTypes) ⊔ level(this) ⊔ obj_level(addressTypes) ⊔ obj_level(this)
com.google.zxing.client.result.AddressBookParsedResult.meth,obj_level(addressTypes),pc ⊔ level(addressTypes) ⊔ level(addresses) ⊔ level(emailTypes) ⊔ level(emails) ⊔ level(phoneNumbers) ⊔ level(phoneTypes) ⊔ level(this) ⊔ obj_level(addressTypes) ⊔ obj_level(this)
com.google.zxing.client.result.AddressBookParsedResult.meth,obj_level(addresses),pc ⊔ level(addressTypes) ⊔ level(addresses) ⊔ level(emailTypes) ⊔ level(emails) ⊔ level(phoneNumbers) ⊔ level(phoneTypes) ⊔ level(this) ⊔ obj_level(addressTypes) ⊔ obj_level(this)
com.google.zxing.client.result.AddressBookParsedResult.meth,obj_level(org),pc ⊔ level(addressTypes) ⊔ level(addresses) ⊔ level(emailTypes) ⊔ level(emails) ⊔ level(phoneNumbers) ⊔ level(phoneTypes) ⊔ level(this) ⊔ obj_level(addressTypes) ⊔ obj_level(org) ⊔ obj_level(this)
com.google.zxing.client.result.AddressBookParsedResult.meth,obj_level(emails),pc ⊔ level(addressTypes) ⊔ level(addresses) ⊔ level(emailTypes) ⊔ level(emails) ⊔ level(phoneNumbers) ⊔ level(phoneTypes) ⊔ level(this) ⊔ obj_level(addressTypes) ⊔ obj_level(this)
com.google.zxing.client.result.AddressBookParsedResult.meth,obj_level(phoneNumbers),pc ⊔ level(addressTypes) ⊔ level(addresses) ⊔ level(emailTypes) ⊔ level(emails) ⊔ level(phoneNumbers) ⊔ level(phoneTypes) ⊔ level(this) ⊔ obj_level(addressTypes) ⊔ obj_level(this)
com.google.zxing.client.result.AddressBookParsedResult.meth,obj_level(note),pc ⊔ level(addressTypes) ⊔ level(addresses) ⊔ level(emailTypes) ⊔ level(emails) ⊔ level(phoneNumbers) ⊔ level(phoneTypes) ⊔ level(this) ⊔ obj_level(addressTypes) ⊔ obj_level(note) ⊔ obj_level(this)
com.google.zxing.client.result.AddressBookParsedResult.meth,obj_level(pronunciation),pc ⊔ level(addressTypes) ⊔ level(addresses) ⊔ level(emailTypes) ⊔ level(emails) ⊔ level(phoneNumbers) ⊔ level(phoneTypes) ⊔ level(this) ⊔ obj_level(addressTypes) ⊔ obj_level(pronunciation) ⊔ obj_level(this)
com.google.zxing.client.result.AddressBookParsedResult.meth,obj_level(phoneTypes),pc ⊔ level(addressTypes) ⊔ level(addresses) ⊔ level(emailTypes) ⊔ level(emails) ⊔ level(phoneNumbers) ⊔ level(phoneTypes) ⊔ level(this) ⊔ obj_level(addressTypes) ⊔ obj_level(this)
com.google.zxing.client.result.AddressBookParsedResult.meth,obj_level(instantMessenger),pc ⊔ level(addressTypes) ⊔ level(addresses) ⊔ level(emailTypes) ⊔ level(emails) ⊔ level(phoneNumbers) ⊔ level(phoneTypes) ⊔ level(this) ⊔ obj_level(addressTypes) ⊔ obj_level(instantMessenger) ⊔ obj_level(this)
com.google.zxing.client.result.AddressBookParsedResult.meth,obj_level(birthday),pc ⊔ level(addressTypes) ⊔ level(addresses) ⊔ level(emailTypes) ⊔ level(emails) ⊔ level(phoneNumbers) ⊔ level(phoneTypes) ⊔ level(this) ⊔ obj_level(addressTypes) ⊔ obj_level(birthday) ⊔ obj_level(this)
com.google.zxing.client.result.AddressBookParsedResult.meth,obj_level(this),pc ⊔ level(addressTypes) ⊔ level(addresses) ⊔ level(birthday) ⊔ level(emailTypes) ⊔ level(emails) ⊔ level(geo) ⊔ level(instantMessenger) ⊔ level(names) ⊔ level(nicknames) ⊔ level(note) ⊔ level(org) ⊔ level(phoneNumbers) ⊔ level(phoneTypes) ⊔ level(pronunciation) ⊔ level(this) ⊔ level(title) ⊔ level(urls) ⊔ obj_level(addressTypes) ⊔ obj_level(birthday) ⊔ obj_level(this)
com.google.zxing.client.result.AddressBookParsedResult.meth,obj_level(title),pc ⊔ level(addressTypes) ⊔ level(addresses) ⊔ level(emailTypes) ⊔ level(emails) ⊔ level(phoneNumbers) ⊔ level(phoneTypes) ⊔ level(this) ⊔ obj_level(addressTypes) ⊔ obj_level(this) ⊔ obj_level(title)
com.google.zxing.client.result.AddressBookParsedResult.meth,obj_level(geo),pc ⊔ level(addressTypes) ⊔ level(addresses) ⊔ level(emailTypes) ⊔ level(emails) ⊔ level(phoneNumbers) ⊔ level(phoneTypes) ⊔ level(this) ⊔ obj_level(addressTypes) ⊔ obj_level(this)
com.google.zxing.client.result.AddressBookParsedResult.meth,obj_level(urls),pc ⊔ level(addressTypes) ⊔ level(addresses) ⊔ level(emailTypes) ⊔ level(emails) ⊔ level(phoneNumbers) ⊔ level(phoneTypes) ⊔ level(this) ⊔ obj_level(addressTypes) ⊔ obj_level(this)
com.google.zxing.client.result.AddressBookParsedResult.meth,obj_level(emailTypes),pc ⊔ level(addressTypes) ⊔ level(addresses) ⊔ level(emailTypes) ⊔ level(emails) ⊔ level(phoneNumbers) ⊔ level(phoneTypes) ⊔ level(this) ⊔ obj_level(addressTypes) ⊔ obj_level(this)
com.google.zxing.client.result.AddressBookParsedResult.meth,obj_level(names),pc ⊔ level(addressTypes) ⊔ level(addresses) ⊔ level(emailTypes) ⊔ level(emails) ⊔ level(phoneNumbers) ⊔ level(phoneTypes) ⊔ level(this) ⊔ obj_level(addressTypes) ⊔ obj_level(this)
com.google.zxing.qrcode.detector.Detector.meth,obj_level(this),pc ⊔ level(image) ⊔ level(this) ⊔ obj_level(image) ⊔ obj_level(this)
com.google.zxing.qrcode.detector.Detector.meth,obj_level(image),pc ⊔ level(this) ⊔ obj_level(image) ⊔ obj_level(this)
com.google.zxing.client.result.URLTOResultParser.meth,obj_level(this),pc ⊔ level(this) ⊔ obj_level(this)
com.google.zxing.oned.rss.expanded.BitArrayBuilder.meth,obj_level(this),pc ⊔ level(this) ⊔ obj_level(this)
com.google.zxing.client.result.ExpandedProductResultParser.meth,obj_level(this),pc ⊔ level(this) ⊔ obj_level(this)
com.google.zxing.pdf417.decoder.ec.ModulusGF.meth,obj_level(this),pc ⊔ level(generator) ⊔ level(modulus) ⊔ level(this) ⊔ obj_level(this)
com.google.zxing.pdf417.PDF417ResultMetadata.meth,obj_level(this),pc ⊔ level(this) ⊔ obj_level(this)
com.google.zxing.pdf417.decoder.PDF417ScanningDecoder.meth,obj_level(this),pc ⊔ level(this) ⊔ obj_level(this)
com.google.zxing.common.reedsolomon.ReedSolomonEncoder.meth,obj_level(this),pc ⊔ level(field) ⊔ level(this) ⊔ obj_level(field) ⊔ obj_level(this)
com.google.zxing.common.reedsolomon.ReedSolomonEncoder.meth,obj_level(field),pc ⊔ level(field) ⊔ level(this) ⊔ obj_level(field) ⊔ obj_level(this)
com.google.zxing.oned.EAN13Reader.meth,obj_level(this),pc ⊔ level(this) ⊔ obj_level(this)
com.google.zxing.LuminanceSource.meth,obj_level(this),pc ⊔ level(height) ⊔ level(this) ⊔ level(width) ⊔ obj_level(this)
com.google.zxing.oned.rss.expanded.decoders.AI013x0x1xDecoder.meth,obj_level(firstAIdigits),pc ⊔ level(information) ⊔ level(this) ⊔ obj_level(firstAIdigits) ⊔ obj_level(information) ⊔ obj_level(this)
com.google.zxing.oned.rss.expanded.decoders.AI013x0x1xDecoder.meth,obj_level(dateCode),pc ⊔ level(information) ⊔ level(this) ⊔ obj_level(dateCode) ⊔ obj_level(information) ⊔ obj_level(this)
com.google.zxing.oned.rss.expanded.decoders.AI013x0x1xDecoder.meth,obj_level(this),pc ⊔ level(dateCode) ⊔ level(firstAIdigits) ⊔ level(information) ⊔ level(this) ⊔ obj_level(dateCode) ⊔ obj_level(information) ⊔ obj_level(this)
com.google.zxing.oned.rss.expanded.decoders.AI013x0x1xDecoder.meth,obj_level(information),pc ⊔ level(information) ⊔ level(this) ⊔ obj_level(information) ⊔ obj_level(this)
com.google.zxing.client.result.TextParsedResult.meth,obj_level(text),pc ⊔ level(this) ⊔ obj_level(text) ⊔ obj_level(this)
com.google.zxing.client.result.TextParsedResult.meth,obj_level(language),pc ⊔ level(this) ⊔ obj_level(language) ⊔ obj_level(this)
com.google.zxing.client.result.TextParsedResult.meth,obj_level(this),pc ⊔ level(language) ⊔ level(text) ⊔ level(this) ⊔ obj_level(language) ⊔ obj_level(this)
com.google.zxing.multi.GenericMultipleBarcodeReader.meth,obj_level(this),pc ⊔ level(delegate) ⊔ level(this) ⊔ obj_level(delegate) ⊔ obj_level(this)
com.google.zxing.multi.GenericMultipleBarcodeReader.meth,obj_level(delegate),pc ⊔ level(delegate) ⊔ level(this) ⊔ obj_level(delegate) ⊔ obj_level(this)
com.google.zxing.multi.qrcode.detector.MultiFinderPatternFinder.meth,obj_level(image),pc ⊔ level(image) ⊔ level(resultPointCallback) ⊔ level(this) ⊔ obj_level(image) ⊔ obj_level(resultPointCallback) ⊔ obj_level(this)
com.google.zxing.multi.qrcode.detector.MultiFinderPatternFinder.meth,obj_level(this),pc ⊔ level(image) ⊔ level(resultPointCallback) ⊔ level(this) ⊔ obj_level(image) ⊔ obj_level(resultPointCallback) ⊔ obj_level(this)
com.google.zxing.multi.qrcode.detector.MultiFinderPatternFinder.meth,obj_level(resultPointCallback),pc ⊔ level(image) ⊔ level(resultPointCallback) ⊔ level(this) ⊔ obj_level(image) ⊔ obj_level(resultPointCallback) ⊔ obj_level(this)
com.google.zxing.common.BitMatrix.meth,obj_level(this),pc ⊔ level(height) ⊔ level(this) ⊔ level(width) ⊔ obj_level(this)
com.google.zxing.datamatrix.decoder.BitMatrixParser.meth,obj_level(@bitMatrix),pc ⊔ level(@bitMatrix) ⊔ level(this) ⊔ obj_level(@bitMatrix) ⊔ obj_level(this)
com.google.zxing.datamatrix.decoder.BitMatrixParser.meth,obj_level(this),pc ⊔ level(@bitMatrix) ⊔ level(this) ⊔ obj_level(@bitMatrix) ⊔ obj_level(this)
com.google.zxing.client.result.AbstractDoCoMoResultParser.meth,obj_level(this),pc ⊔ level(this) ⊔ obj_level(this)
com.google.zxing.client.result.SMSMMSResultParser.meth,obj_level(this),pc ⊔ level(this) ⊔ obj_level(this)
com.google.zxing.oned.rss.Pair.meth,obj_level(this),pc ⊔ level(checksumPortion) ⊔ level(finderPattern) ⊔ level(this) ⊔ level(value) ⊔ obj_level(finderPattern) ⊔ obj_level(this)
com.google.zxing.oned.rss.Pair.meth,obj_level(finderPattern),pc ⊔ level(checksumPortion) ⊔ level(this) ⊔ level(value) ⊔ obj_level(finderPattern) ⊔ obj_level(this)
com.google.zxing.oned.EAN13Writer.meth,obj_level(this),pc ⊔ level(this) ⊔ obj_level(this)
com.google.zxing.pdf417.decoder.DetectionResultColumn.meth,obj_level(this),pc ⊔ level(boundingBox) ⊔ level(this) ⊔ obj_level(boundingBox) ⊔ obj_level(this)
com.google.zxing.pdf417.decoder.DetectionResultColumn.meth,obj_level(boundingBox),pc ⊔ level(this) ⊔ obj_level(boundingBox) ⊔ obj_level(this)
com.google.zxing.qrcode.encoder.MinimalEncoder$ResultList$ResultNode.meth,obj_level(this$1),pc ⊔ level(characterLength) ⊔ level(charsetEncoderIndex) ⊔ level(fromPosition) ⊔ level(mode) ⊔ level(this) ⊔ level(this$1) ⊔ obj_level(mode) ⊔ obj_level(this) ⊔ obj_level(this$1)
com.google.zxing.qrcode.encoder.MinimalEncoder$ResultList$ResultNode.meth,obj_level(this),pc ⊔ level(characterLength) ⊔ level(charsetEncoderIndex) ⊔ level(fromPosition) ⊔ level(mode) ⊔ level(this) ⊔ level(this$1) ⊔ obj_level(mode) ⊔ obj_level(this) ⊔ obj_level(this$1)
com.google.zxing.qrcode.encoder.MinimalEncoder$ResultList$ResultNode.meth,obj_level(mode),pc ⊔ level(this) ⊔ level(this$1) ⊔ obj_level(mode) ⊔ obj_level(this) ⊔ obj_level(this$1)
com.google.zxing.oned.MultiFormatUPCEANReader.meth,obj_level(hints),pc ⊔ level(hints) ⊔ level(this) ⊔ obj_level(hints) ⊔ obj_level(this)
com.google.zxing.oned.MultiFormatUPCEANReader.meth,obj_level(this),pc ⊔ level(hints) ⊔ level(this) ⊔ obj_level(hints) ⊔ obj_level(this)
com.google.zxing.oned.EAN8Reader.meth,obj_level(this),pc ⊔ level(this) ⊔ obj_level(this)
com.google.zxing.oned.rss.expanded.decoders.AI01392xDecoder.meth,obj_level(information),pc ⊔ level(information) ⊔ level(this) ⊔ obj_level(information) ⊔ obj_level(this)
com.google.zxing.oned.rss.expanded.decoders.AI01392xDecoder.meth,obj_level(this),pc ⊔ level(information) ⊔ level(this) ⊔ obj_level(information) ⊔ obj_level(this)
com.google.zxing.aztec.decoder.Decoder.meth,obj_level(this),pc ⊔ level(this) ⊔ obj_level(this)
com.google.zxing.oned.rss.expanded.ExpandedPair.meth,obj_level(rightChar),pc ⊔ level(this) ⊔ obj_level(rightChar) ⊔ obj_level(this)
com.google.zxing.oned.rss.expanded.ExpandedPair.meth,obj_level(leftChar),pc ⊔ level(this) ⊔ obj_level(leftChar) ⊔ obj_level(this)
com.google.zxing.oned.rss.expanded.ExpandedPair.meth,obj_level(finderPattern),pc ⊔ level(this) ⊔ obj_level(finderPattern) ⊔ obj_level(this)
com.google.zxing.oned.rss.expanded.ExpandedPair.meth,obj_level(this),pc ⊔ level(finderPattern) ⊔ level(leftChar) ⊔ level(rightChar) ⊔ level(this) ⊔ obj_level(finderPattern) ⊔ obj_level(leftChar) ⊔ obj_level(this)
com.google.zxing.qrcode.decoder.Mode.meth,obj_level(characterCountBitsForVersions),pc ⊔ level(l1) ⊔ level(l2) ⊔ level(this) ⊔ obj_level(characterCountBitsForVersions) ⊔ obj_level(l1) ⊔ obj_level(this)
com.google.zxing.qrcode.decoder.Mode.meth,obj_level(l1),pc ⊔ level(l1) ⊔ level(l2) ⊔ level(this) ⊔ obj_level(l1) ⊔ obj_level(this)
com.google.zxing.qrcode.decoder.Mode.meth,obj_level(this),pc ⊔ level(bits) ⊔ level(characterCountBitsForVersions) ⊔ level(l1) ⊔ level(l2) ⊔ level(this) ⊔ obj_level(characterCountBitsForVersions) ⊔ obj_level(l1) ⊔ obj_level(this)
com.google.zxing.client.result.GeoParsedResult.meth,obj_level(query),pc ⊔ level(this) ⊔ obj_level(query) ⊔ obj_level(this)
com.google.zxing.client.result.GeoParsedResult.meth,obj_level(this),pc ⊔ level(altitude) ⊔ level(latitude) ⊔ level(longitude) ⊔ level(query) ⊔ level(this) ⊔ obj_level(query) ⊔ obj_level(this)
com.google.zxing.oned.Code128Writer$MinimalEncoder.meth,obj_level(this),pc ⊔ level(this) ⊔ obj_level(this)
com.google.zxing.ChecksumException.meth,obj_level(this),pc ⊔ level(this) ⊔ obj_level(this)
com.google.zxing.common.DetectorResult.meth,obj_level(this),pc ⊔ level(bits) ⊔ level(points) ⊔ level(this) ⊔ obj_level(bits) ⊔ obj_level(points) ⊔ obj_level(this)
com.google.zxing.common.DetectorResult.meth,obj_level(points),pc ⊔ level(this) ⊔ obj_level(points) ⊔ obj_level(this)
com.google.zxing.common.DetectorResult.meth,obj_level(bits),pc ⊔ level(this) ⊔ obj_level(bits) ⊔ obj_level(this)
com.google.zxing.oned.rss.expanded.decoders.AI01AndOtherAIs.meth,obj_level(information),pc ⊔ level(information) ⊔ level(this) ⊔ obj_level(information) ⊔ obj_level(this)
com.google.zxing.oned.rss.expanded.decoders.AI01AndOtherAIs.meth,obj_level(this),pc ⊔ level(information) ⊔ level(this) ⊔ obj_level(information) ⊔ obj_level(this)
com.google.zxing.oned.rss.expanded.decoders.DecodedNumeric.meth,obj_level(this),pc ⊔ level(firstDigit) ⊔ level(newPosition) ⊔ level(secondDigit) ⊔ level(this) ⊔ obj_level(this)
com.google.zxing.pdf417.PDF417Reader.meth,obj_level(this),pc ⊔ level(this) ⊔ obj_level(this)
com.google.zxing.client.result.ISBNParsedResult.meth,obj_level(isbn),pc ⊔ level(this) ⊔ obj_level(isbn) ⊔ obj_level(this)
com.google.zxing.client.result.ISBNParsedResult.meth,obj_level(this),pc ⊔ level(isbn) ⊔ level(this) ⊔ obj_level(isbn) ⊔ obj_level(this)
com.google.zxing.oned.UPCAWriter.meth,obj_level(this),pc ⊔ level(this) ⊔ obj_level(this)
com.google.zxing.oned.rss.expanded.decoders.AI01decoder.meth,obj_level(this),pc ⊔ level(information) ⊔ level(this) ⊔ obj_level(information) ⊔ obj_level(this)
com.google.zxing.oned.rss.expanded.decoders.AI01decoder.meth,obj_level(information),pc ⊔ level(information) ⊔ level(this) ⊔ obj_level(information) ⊔ obj_level(this)
com.google.zxing.oned.Code128Writer$MinimalEncoder$Charset.meth,obj_level(l1),pc ⊔ level(l1) ⊔ level(l2) ⊔ level(this) ⊔ obj_level(l1) ⊔ obj_level(this)
com.google.zxing.oned.Code128Writer$MinimalEncoder$Charset.meth,obj_level(this),pc ⊔ level(l1) ⊔ level(l2) ⊔ level(this) ⊔ obj_level(l1) ⊔ obj_level(this)
com.google.zxing.client.result.ProductResultParser.meth,obj_level(this),pc ⊔ level(this) ⊔ obj_level(this)
com.google.zxing.pdf417.decoder.ec.ErrorCorrection.meth,obj_level(this),pc ⊔ level(this) ⊔ obj_level(this)
com.google.zxing.oned.Code128Reader.meth,obj_level(this),pc ⊔ level(this) ⊔ obj_level(this)
com.google.zxing.oned.Code128Writer$CType.meth,obj_level(l1),pc ⊔ level(l1) ⊔ level(l2) ⊔ level(this) ⊔ obj_level(l1) ⊔ obj_level(this)
com.google.zxing.oned.Code128Writer$CType.meth,obj_level(this),pc ⊔ level(l1) ⊔ level(l2) ⊔ level(this) ⊔ obj_level(l1) ⊔ obj_level(this)
com.google.zxing.aztec.detector.Detector.meth,obj_level(image),pc ⊔ level(this) ⊔ obj_level(image) ⊔ obj_level(this)
com.google.zxing.aztec.detector.Detector.meth,obj_level(this),pc ⊔ level(image) ⊔ level(this) ⊔ obj_level(image) ⊔ obj_level(this)
com.google.zxing.multi.ByQuadrantReader.meth,obj_level(this),pc ⊔ level(delegate) ⊔ level(this) ⊔ obj_level(delegate)
com.google.zxing.multi.ByQuadrantReader.meth,obj_level(delegate),pc ⊔ level(delegate) ⊔ level(this) ⊔ obj_level(delegate)
com.google.zxing.oned.UPCEANExtensionSupport.meth,obj_level(this),pc ⊔ level(this) ⊔ obj_level(this)
com.google.zxing.BinaryBitmap.meth,obj_level(binarizer),pc ⊔ level(this) ⊔ obj_level(binarizer) ⊔ obj_level(this)
com.google.zxing.BinaryBitmap.meth,obj_level(this),pc ⊔ level(binarizer) ⊔ level(this) ⊔ obj_level(binarizer) ⊔ obj_level(this)
com.google.zxing.oned.rss.expanded.decoders.DecodedObject.meth,obj_level(this),pc ⊔ level(newPosition) ⊔ level(this) ⊔ obj_level(this)
com.google.zxing.datamatrix.encoder.TextEncoder.meth,obj_level(this),pc ⊔ level(this) ⊔ obj_level(this)
com.google.zxing.datamatrix.encoder.MinimalEncoder$Input.meth,obj_level(shape),pc ⊔ level(fnc1) ⊔ level(stringToEncode) ⊔ level(this) ⊔ obj_level(priorityCharset) ⊔ obj_level(shape) ⊔ obj_level(stringToEncode) ⊔ obj_level(this)
com.google.zxing.datamatrix.encoder.MinimalEncoder$Input.meth,obj_level(this),pc ⊔ level(fnc1) ⊔ level(macroId) ⊔ level(shape) ⊔ level(stringToEncode) ⊔ level(this) ⊔ obj_level(priorityCharset) ⊔ obj_level(shape) ⊔ obj_level(stringToEncode) ⊔ obj_level(this)
com.google.zxing.datamatrix.encoder.MinimalEncoder$Input.meth,obj_level(stringToEncode),pc ⊔ level(fnc1) ⊔ level(stringToEncode) ⊔ level(this) ⊔ obj_level(priorityCharset) ⊔ obj_level(stringToEncode) ⊔ obj_level(this)
com.google.zxing.datamatrix.encoder.MinimalEncoder$Input.meth,obj_level(priorityCharset),pc ⊔ level(fnc1) ⊔ level(macroId) ⊔ level(shape) ⊔ level(stringToEncode) ⊔ level(this) ⊔ obj_level(priorityCharset) ⊔ obj_level(shape) ⊔ obj_level(stringToEncode) ⊔ obj_level(this)
com.google.zxing.oned.EAN8Writer.meth,obj_level(this),pc ⊔ level(this) ⊔ obj_level(this)
com.google.zxing.pdf417.PDF417Writer.meth,obj_level(this),pc ⊔ level(this) ⊔ obj_level(this)
com.google.zxing.multi.qrcode.detector.MultiFinderPatternFinder$ModuleSizeComparator.meth,obj_level(this),pc ⊔ level(this) ⊔ obj_level(this)
com.google.zxing.aztec.encoder.HighLevelEncoder.meth,obj_level(text),pc ⊔ level(this) ⊔ obj_level(text) ⊔ obj_level(this)
com.google.zxing.aztec.encoder.HighLevelEncoder.meth,obj_level(this),pc ⊔ level(text) ⊔ level(this) ⊔ obj_level(text) ⊔ obj_level(this)
com.google.zxing.qrcode.decoder.QRCodeDecoderMetaData.meth,obj_level(this),pc ⊔ level(mirrored) ⊔ level(this) ⊔ obj_level(this)
com.google.zxing.qrcode.detector.AlignmentPatternFinder.meth,obj_level(image),pc ⊔ level(this) ⊔ obj_level(image) ⊔ obj_level(this)
com.google.zxing.qrcode.detector.AlignmentPatternFinder.meth,obj_level(resultPointCallback),pc ⊔ level(this) ⊔ obj_level(resultPointCallback) ⊔ obj_level(this)
com.google.zxing.qrcode.detector.AlignmentPatternFinder.meth,obj_level(this),pc ⊔ level(height) ⊔ level(image) ⊔ level(moduleSize) ⊔ level(resultPointCallback) ⊔ level(startX) ⊔ level(startY) ⊔ level(this) ⊔ level(width) ⊔ obj_level(image) ⊔ obj_level(resultPointCallback) ⊔ obj_level(this)
com.google.zxing.datamatrix.DataMatrixReader.meth,obj_level(this),pc ⊔ level(this) ⊔ obj_level(this)
com.google.zxing.oned.rss.DataCharacter.meth,obj_level(this),pc ⊔ level(checksumPortion) ⊔ level(this) ⊔ level(value) ⊔ obj_level(this)
com.google.zxing.client.result.ProductParsedResult.meth,obj_level(productID),pc ⊔ level(this) ⊔ obj_level(productID) ⊔ obj_level(this)
com.google.zxing.client.result.ProductParsedResult.meth,obj_level(normalizedProductID),pc ⊔ level(this) ⊔ obj_level(normalizedProductID) ⊔ obj_level(this)
com.google.zxing.client.result.ProductParsedResult.meth,obj_level(this),pc ⊔ level(normalizedProductID) ⊔ level(productID) ⊔ level(this) ⊔ obj_level(normalizedProductID) ⊔ obj_level(this)
com.google.zxing.common.BitArray.meth,obj_level(this),pc ⊔ level(this) ⊔ obj_level(this)
com.google.zxing.PlanarYUVLuminanceSource.meth,obj_level(yuvData),pc ⊔ level(dataHeight) ⊔ level(dataWidth) ⊔ level(height) ⊔ level(left) ⊔ level(reverseHorizontal) ⊔ level(this) ⊔ level(top) ⊔ level(width) ⊔ level(yuvData) ⊔ obj_level(this) ⊔ obj_level(yuvData)
com.google.zxing.PlanarYUVLuminanceSource.meth,obj_level(this),pc ⊔ level(dataHeight) ⊔ level(dataWidth) ⊔ level(height) ⊔ level(left) ⊔ level(reverseHorizontal) ⊔ level(this) ⊔ level(top) ⊔ level(width) ⊔ level(yuvData) ⊔ obj_level(this) ⊔ obj_level(yuvData)
com.google.zxing.oned.Code39Writer.meth,obj_level(this),pc ⊔ level(this) ⊔ obj_level(this)
com.google.zxing.oned.Code93Writer.meth,obj_level(this),pc ⊔ level(this) ⊔ obj_level(this)
com.google.zxing.qrcode.decoder.ErrorCorrectionLevel.meth,obj_level(this),pc ⊔ level(bits) ⊔ level(l1) ⊔ level(l2) ⊔ level(this) ⊔ obj_level(l1) ⊔ obj_level(this)
com.google.zxing.qrcode.decoder.ErrorCorrectionLevel.meth,obj_level(l1),pc ⊔ level(l1) ⊔ level(l2) ⊔ level(this) ⊔ obj_level(l1) ⊔ obj_level(this)
com.google.zxing.datamatrix.encoder.ASCIIEncoder.meth,obj_level(this),pc ⊔ level(this) ⊔ obj_level(this)
com.google.zxing.oned.Code128Writer.meth,obj_level(this),pc ⊔ level(this) ⊔ obj_level(this)
com.google.zxing.pdf417.decoder.DecodedBitStreamParser.meth,obj_level(this),pc ⊔ level(this) ⊔ obj_level(this)
com.google.zxing.oned.rss.expanded.decoders.GeneralAppIdDecoder.meth,obj_level(this),pc ⊔ level(information) ⊔ level(this) ⊔ obj_level(information) ⊔ obj_level(this)
com.google.zxing.oned.rss.expanded.decoders.GeneralAppIdDecoder.meth,obj_level(information),pc ⊔ level(this) ⊔ obj_level(information) ⊔ obj_level(this)
com.google.zxing.oned.UPCEReader.meth,obj_level(this),pc ⊔ level(this) ⊔ obj_level(this)
com.google.zxing.Dimension.meth,obj_level(this),pc ⊔ level(height) ⊔ level(this) ⊔ level(width) ⊔ obj_level(this)
com.google.zxing.qrcode.decoder.DataBlock.meth,obj_level(codewords),pc ⊔ level(this) ⊔ obj_level(codewords) ⊔ obj_level(this)
com.google.zxing.qrcode.decoder.DataBlock.meth,obj_level(this),pc ⊔ level(codewords) ⊔ level(numDataCodewords) ⊔ level(this) ⊔ obj_level(codewords) ⊔ obj_level(this)
com.google.zxing.client.result.AddressBookAUResultParser.meth,obj_level(this),pc ⊔ level(this) ⊔ obj_level(this)
com.google.zxing.InvertedLuminanceSource.meth,obj_level(this),pc ⊔ level(delegate) ⊔ level(this) ⊔ obj_level(delegate)
com.google.zxing.InvertedLuminanceSource.meth,obj_level(delegate),pc ⊔ level(delegate) ⊔ level(this) ⊔ obj_level(delegate)