org.apache.bookkeeper.common.util.Backoff$Jitter.meth,obj_level(this),pc ⊔ level(limit) ⊔ level(maxMs) ⊔ level(startMs) ⊔ level(this) ⊔ level(type) ⊔ obj_level(this) ⊔ obj_level(type)
org.apache.bookkeeper.common.util.Backoff$Jitter.meth,obj_level(type),pc ⊔ level(this) ⊔ obj_level(this) ⊔ obj_level(type)
org.apache.bookkeeper.common.util.Backoff$Exponential.meth,obj_level(this),pc ⊔ level(limit) ⊔ level(maxMs) ⊔ level(multiplier) ⊔ level(startMs) ⊔ level(this) ⊔ obj_level(this)
org.apache.bookkeeper.common.util.OrderedExecutor$1.meth,obj_level(this$0),pc ⊔ level(l2) ⊔ level(this) ⊔ level(this$0) ⊔ obj_level(l2) ⊔ obj_level(this)
org.apache.bookkeeper.common.util.OrderedExecutor$1.meth,obj_level(this),pc ⊔ level(l2) ⊔ level(this) ⊔ level(this$0) ⊔ obj_level(l2) ⊔ obj_level(this)
org.apache.bookkeeper.common.util.OrderedExecutor$1.meth,obj_level(l2),pc ⊔ level(l2) ⊔ level(this) ⊔ level(this$0) ⊔ obj_level(l2) ⊔ obj_level(this)
org.apache.bookkeeper.common.collections.BatchedArrayBlockingQueue.meth,obj_level(this),pc ⊔ level(capacity) ⊔ level(this) ⊔ obj_level(this)
org.apache.bookkeeper.common.util.ExceptionMessageHelper.meth,obj_level(msg),pc ⊔ level(msg) ⊔ level(this) ⊔ obj_level(msg) ⊔ obj_level(this)
org.apache.bookkeeper.common.util.ExceptionMessageHelper.meth,obj_level(this),pc ⊔ level(msg) ⊔ level(this) ⊔ obj_level(msg) ⊔ obj_level(this)
org.apache.bookkeeper.common.util.Watchable.meth,obj_level(recycler),pc ⊔ level(this) ⊔ obj_level(recycler) ⊔ obj_level(this)
org.apache.bookkeeper.common.util.Watchable.meth,obj_level(this),pc ⊔ level(recycler) ⊔ level(this) ⊔ obj_level(recycler) ⊔ obj_level(this)
org.apache.bookkeeper.common.conf.ConfigKey.meth,obj_level(type),pc ⊔ level(defaultValue) ⊔ level(dependents) ⊔ level(deprecated) ⊔ level(deprecatedByConfigKey) ⊔ level(deprecatedSince) ⊔ level(description) ⊔ level(documentation) ⊔ level(group) ⊔ level(name) ⊔ level(optionValues) ⊔ level(orderInGroup) ⊔ level(required) ⊔ level(since) ⊔ level(this) ⊔ level(type) ⊔ level(validator) ⊔ obj_level(deprecatedByConfigKey)
org.apache.bookkeeper.common.conf.ConfigKey.meth,obj_level(description),pc ⊔ level(this) ⊔ obj_level(description)
org.apache.bookkeeper.common.conf.ConfigKey.meth,obj_level(documentation),pc ⊔ level(this) ⊔ obj_level(documentation)
org.apache.bookkeeper.common.conf.ConfigKey.meth,obj_level(defaultValue),pc ⊔ level(defaultValue) ⊔ level(dependents) ⊔ level(deprecated) ⊔ level(deprecatedByConfigKey) ⊔ level(deprecatedSince) ⊔ level(description) ⊔ level(documentation) ⊔ level(group) ⊔ level(name) ⊔ level(optionValues) ⊔ level(orderInGroup) ⊔ level(required) ⊔ level(since) ⊔ level(this) ⊔ level(type) ⊔ level(validator) ⊔ obj_level(deprecatedByConfigKey)
org.apache.bookkeeper.common.conf.ConfigKey.meth,obj_level(name),pc ⊔ level(this) ⊔ obj_level(name)
org.apache.bookkeeper.common.conf.ConfigKey.meth,obj_level(validator),pc ⊔ level(defaultValue) ⊔ level(dependents) ⊔ level(deprecated) ⊔ level(deprecatedByConfigKey) ⊔ level(deprecatedSince) ⊔ level(description) ⊔ level(documentation) ⊔ level(group) ⊔ level(name) ⊔ level(optionValues) ⊔ level(orderInGroup) ⊔ level(required) ⊔ level(since) ⊔ level(this) ⊔ level(type) ⊔ level(validator) ⊔ obj_level(deprecatedByConfigKey)
org.apache.bookkeeper.common.conf.ConfigKey.meth,obj_level(this),pc ⊔ level(defaultValue) ⊔ level(dependents) ⊔ level(deprecated) ⊔ level(deprecatedByConfigKey) ⊔ level(deprecatedSince) ⊔ level(description) ⊔ level(documentation) ⊔ level(group) ⊔ level(name) ⊔ level(optionValues) ⊔ level(orderInGroup) ⊔ level(required) ⊔ level(since) ⊔ level(this) ⊔ level(type) ⊔ level(validator) ⊔ obj_level(deprecatedByConfigKey)
org.apache.bookkeeper.common.conf.ConfigKey.meth,obj_level(group),pc ⊔ level(defaultValue) ⊔ level(dependents) ⊔ level(deprecated) ⊔ level(deprecatedByConfigKey) ⊔ level(deprecatedSince) ⊔ level(description) ⊔ level(documentation) ⊔ level(group) ⊔ level(name) ⊔ level(optionValues) ⊔ level(orderInGroup) ⊔ level(required) ⊔ level(since) ⊔ level(this) ⊔ level(type) ⊔ level(validator) ⊔ obj_level(deprecatedByConfigKey)
org.apache.bookkeeper.common.conf.ConfigKey.meth,obj_level(since),pc ⊔ level(this) ⊔ obj_level(since)
org.apache.bookkeeper.common.conf.ConfigKey.meth,obj_level(deprecatedSince),pc ⊔ level(this) ⊔ obj_level(deprecatedSince)
org.apache.bookkeeper.common.conf.ConfigKey.meth,obj_level(optionValues),pc ⊔ level(defaultValue) ⊔ level(dependents) ⊔ level(deprecated) ⊔ level(deprecatedByConfigKey) ⊔ level(deprecatedSince) ⊔ level(description) ⊔ level(documentation) ⊔ level(group) ⊔ level(name) ⊔ level(optionValues) ⊔ level(orderInGroup) ⊔ level(required) ⊔ level(since) ⊔ level(this) ⊔ level(type) ⊔ level(validator) ⊔ obj_level(deprecatedByConfigKey)
org.apache.bookkeeper.common.conf.ConfigKey.meth,obj_level(deprecatedByConfigKey),pc ⊔ level(this) ⊔ obj_level(deprecatedByConfigKey)
org.apache.bookkeeper.common.conf.ConfigKey.meth,obj_level(dependents),pc ⊔ level(defaultValue) ⊔ level(dependents) ⊔ level(deprecated) ⊔ level(deprecatedByConfigKey) ⊔ level(deprecatedSince) ⊔ level(description) ⊔ level(documentation) ⊔ level(group) ⊔ level(name) ⊔ level(optionValues) ⊔ level(orderInGroup) ⊔ level(required) ⊔ level(since) ⊔ level(this) ⊔ level(type) ⊔ level(validator) ⊔ obj_level(deprecatedByConfigKey)
org.apache.bookkeeper.common.util.SingleThreadExecutor$5.meth,obj_level(this$0),pc ⊔ level(this) ⊔ level(this$0) ⊔ obj_level(this) ⊔ obj_level(this$0)
org.apache.bookkeeper.common.util.SingleThreadExecutor$5.meth,obj_level(this),pc ⊔ level(this) ⊔ level(this$0) ⊔ obj_level(this) ⊔ obj_level(this$0)
org.apache.bookkeeper.common.concurrent.FutureUtils$1.meth,obj_level(l1),pc ⊔ level(l1) ⊔ level(l2) ⊔ level(this) ⊔ obj_level(l1) ⊔ obj_level(l2) ⊔ obj_level(this)
org.apache.bookkeeper.common.concurrent.FutureUtils$1.meth,obj_level(l2),pc ⊔ level(l1) ⊔ level(l2) ⊔ level(this) ⊔ obj_level(l1) ⊔ obj_level(l2) ⊔ obj_level(this)
org.apache.bookkeeper.common.concurrent.FutureUtils$1.meth,obj_level(this),pc ⊔ level(l1) ⊔ level(l2) ⊔ level(this) ⊔ obj_level(l1) ⊔ obj_level(l2) ⊔ obj_level(this)
org.apache.bookkeeper.common.util.Backoff.meth,obj_level(this),pc ⊔ level(this) ⊔ obj_level(this)
org.apache.bookkeeper.common.conf.ConfigKeyGroup$ConfigKeyGroupBuilder.meth,obj_level(this),pc ⊔ level(this) ⊔ obj_level(this)
org.apache.bookkeeper.common.conf.ConfigKey$ConfigKeyBuilder.meth,obj_level(this),pc ⊔ level(this) ⊔ obj_level(this)
org.apache.bookkeeper.common.util.LogExceptionRunnable.meth,obj_level(@task),pc ⊔ level(@task) ⊔ level(this) ⊔ obj_level(@task)
org.apache.bookkeeper.common.util.LogExceptionRunnable.meth,obj_level(this),pc ⊔ level(@task) ⊔ level(this) ⊔ obj_level(@task)
org.apache.bookkeeper.common.util.MathUtils.meth,obj_level(this),pc ⊔ level(this) ⊔ obj_level(this)
org.apache.bookkeeper.common.conf.validators.ClassValidator.meth,obj_level(this),pc ⊔ level(interfaceClass) ⊔ level(this) ⊔ obj_level(interfaceClass) ⊔ obj_level(this)
org.apache.bookkeeper.common.conf.validators.ClassValidator.meth,obj_level(interfaceClass),pc ⊔ level(interfaceClass) ⊔ level(this) ⊔ obj_level(interfaceClass) ⊔ obj_level(this)
org.apache.bookkeeper.common.util.JsonUtil.meth,obj_level(this),pc ⊔ level(this) ⊔ obj_level(this)
org.apache.bookkeeper.common.util.SharedResourceManager.meth,obj_level(this),pc ⊔ level(destroyerFactory) ⊔ level(this) ⊔ obj_level(destroyerFactory) ⊔ obj_level(this)
org.apache.bookkeeper.common.util.SharedResourceManager.meth,obj_level(destroyerFactory),pc ⊔ level(this) ⊔ obj_level(destroyerFactory) ⊔ obj_level(this)
org.apache.bookkeeper.common.util.OrderedExecutor$TimedCallable.meth,obj_level(callable),pc ⊔ level(callable) ⊔ level(this) ⊔ level(this$0) ⊔ obj_level(this) ⊔ obj_level(this$0)
org.apache.bookkeeper.common.util.OrderedExecutor$TimedCallable.meth,obj_level(this$0),pc ⊔ level(callable) ⊔ level(this) ⊔ level(this$0) ⊔ obj_level(this) ⊔ obj_level(this$0)
org.apache.bookkeeper.common.util.OrderedExecutor$TimedCallable.meth,obj_level(this),pc ⊔ level(callable) ⊔ level(this) ⊔ level(this$0) ⊔ obj_level(this) ⊔ obj_level(this$0)
org.apache.bookkeeper.common.component.ComponentStarter$ComponentShutdownHook.meth,obj_level(component),pc ⊔ level(component) ⊔ level(future) ⊔ level(this) ⊔ obj_level(component) ⊔ obj_level(future) ⊔ obj_level(this)
org.apache.bookkeeper.common.component.ComponentStarter$ComponentShutdownHook.meth,obj_level(future),pc ⊔ level(component) ⊔ level(future) ⊔ level(this) ⊔ obj_level(component) ⊔ obj_level(future) ⊔ obj_level(this)
org.apache.bookkeeper.common.component.ComponentStarter$ComponentShutdownHook.meth,obj_level(this),pc ⊔ level(component) ⊔ level(future) ⊔ level(this) ⊔ obj_level(component) ⊔ obj_level(future) ⊔ obj_level(this)
org.apache.bookkeeper.common.util.SingleThreadExecutor$1.meth,obj_level(this),pc ⊔ level(this) ⊔ level(this$0) ⊔ obj_level(this) ⊔ obj_level(this$0)
org.apache.bookkeeper.common.util.SingleThreadExecutor$1.meth,obj_level(this$0),pc ⊔ level(this) ⊔ level(this$0) ⊔ obj_level(this) ⊔ obj_level(this$0)
org.apache.bookkeeper.common.util.OrderedExecutor$ContextPreservingCallable.meth,obj_level(this),pc ⊔ level(callable) ⊔ level(this) ⊔ obj_level(callable)
org.apache.bookkeeper.common.util.OrderedExecutor$ContextPreservingCallable.meth,obj_level(callable),pc ⊔ level(callable) ⊔ level(this) ⊔ obj_level(callable)
org.apache.bookkeeper.common.util.SingleThreadExecutor$4.meth,obj_level(this),pc ⊔ level(this) ⊔ level(this$0) ⊔ obj_level(this) ⊔ obj_level(this$0)
org.apache.bookkeeper.common.util.SingleThreadExecutor$4.meth,obj_level(this$0),pc ⊔ level(this) ⊔ level(this$0) ⊔ obj_level(this) ⊔ obj_level(this$0)
org.apache.bookkeeper.common.util.BoundedScheduledExecutorService.meth,obj_level(thread),pc ⊔ level(maxTasksInQueue) ⊔ level(this) ⊔ level(thread) ⊔ obj_level(this) ⊔ obj_level(thread)
org.apache.bookkeeper.common.util.BoundedScheduledExecutorService.meth,obj_level(this),pc ⊔ level(maxTasksInQueue) ⊔ level(this) ⊔ level(thread) ⊔ obj_level(this) ⊔ obj_level(thread)
org.apache.bookkeeper.common.util.SingleThreadExecutor$State.meth,obj_level(l1),pc ⊔ level(l1) ⊔ level(l2) ⊔ level(this) ⊔ obj_level(l1) ⊔ obj_level(this)
org.apache.bookkeeper.common.util.SingleThreadExecutor$State.meth,obj_level(this),pc ⊔ level(l1) ⊔ level(l2) ⊔ level(this) ⊔ obj_level(l1) ⊔ obj_level(this)
org.apache.bookkeeper.common.collections.RecyclableArrayList$Recycler.meth,obj_level(this),pc ⊔ level(this) ⊔ obj_level(this)
org.apache.bookkeeper.common.component.ComponentInfoPublisher.meth,obj_level(this),pc ⊔ level(this) ⊔ obj_level(this)
org.apache.bookkeeper.common.concurrent.FutureUtils$ListFutureProcessor.meth,obj_level(callbackExecutor),pc ⊔ level(callbackExecutor) ⊔ level(items) ⊔ level(processFunc) ⊔ level(this) ⊔ obj_level(callbackExecutor) ⊔ obj_level(items) ⊔ obj_level(processFunc) ⊔ obj_level(this)
org.apache.bookkeeper.common.concurrent.FutureUtils$ListFutureProcessor.meth,obj_level(items),pc ⊔ level(callbackExecutor) ⊔ level(items) ⊔ level(processFunc) ⊔ level(this) ⊔ obj_level(callbackExecutor) ⊔ obj_level(items) ⊔ obj_level(processFunc) ⊔ obj_level(this)
org.apache.bookkeeper.common.concurrent.FutureUtils$ListFutureProcessor.meth,obj_level(processFunc),pc ⊔ level(items) ⊔ level(processFunc) ⊔ level(this) ⊔ obj_level(items) ⊔ obj_level(processFunc) ⊔ obj_level(this)
org.apache.bookkeeper.common.concurrent.FutureUtils$ListFutureProcessor.meth,obj_level(this),pc ⊔ level(callbackExecutor) ⊔ level(items) ⊔ level(processFunc) ⊔ level(this) ⊔ obj_level(callbackExecutor) ⊔ obj_level(items) ⊔ obj_level(processFunc) ⊔ obj_level(this)
org.apache.bookkeeper.common.net.ServiceURI.meth,obj_level(serviceUser),pc ⊔ level(this) ⊔ obj_level(serviceUser) ⊔ obj_level(this)
org.apache.bookkeeper.common.net.ServiceURI.meth,obj_level(serviceHosts),pc ⊔ level(this) ⊔ obj_level(serviceHosts) ⊔ obj_level(this)
org.apache.bookkeeper.common.net.ServiceURI.meth,obj_level(this),pc ⊔ level(serviceHosts) ⊔ level(serviceInfos) ⊔ level(serviceName) ⊔ level(servicePath) ⊔ level(serviceUser) ⊔ level(this) ⊔ level(uri) ⊔ obj_level(serviceHosts) ⊔ obj_level(serviceName) ⊔ obj_level(this) ⊔ obj_level(uri)
org.apache.bookkeeper.common.net.ServiceURI.meth,obj_level(uri),pc ⊔ level(this) ⊔ obj_level(this) ⊔ obj_level(uri)
org.apache.bookkeeper.common.net.ServiceURI.meth,obj_level(serviceInfos),pc ⊔ level(this) ⊔ obj_level(serviceInfos) ⊔ obj_level(this)
org.apache.bookkeeper.common.net.ServiceURI.meth,obj_level(servicePath),pc ⊔ level(this) ⊔ obj_level(servicePath) ⊔ obj_level(this)
org.apache.bookkeeper.common.net.ServiceURI.meth,obj_level(serviceName),pc ⊔ level(this) ⊔ obj_level(serviceName) ⊔ obj_level(this)
org.apache.bookkeeper.common.conf.validators.RangeValidator.meth,obj_level(min),pc ⊔ level(this) ⊔ obj_level(min) ⊔ obj_level(this)
org.apache.bookkeeper.common.conf.validators.RangeValidator.meth,obj_level(this),pc ⊔ level(max) ⊔ level(min) ⊔ level(this) ⊔ obj_level(max) ⊔ obj_level(this)
org.apache.bookkeeper.common.conf.validators.RangeValidator.meth,obj_level(max),pc ⊔ level(this) ⊔ obj_level(max) ⊔ obj_level(this)
org.apache.bookkeeper.common.util.SingleThreadExecutor$2.meth,obj_level(this$0),pc ⊔ level(this) ⊔ level(this$0) ⊔ obj_level(this) ⊔ obj_level(this$0)
org.apache.bookkeeper.common.util.SingleThreadExecutor$2.meth,obj_level(this),pc ⊔ level(this) ⊔ level(this$0) ⊔ obj_level(this) ⊔ obj_level(this$0)
org.apache.bookkeeper.common.component.RxSchedulerLifecycleComponent.meth,obj_level(this),pc ⊔ level(componentName) ⊔ level(conf) ⊔ level(rxExecutor) ⊔ level(scheduler) ⊔ level(stats) ⊔ level(this) ⊔ obj_level(componentName) ⊔ obj_level(conf) ⊔ obj_level(rxExecutor) ⊔ obj_level(scheduler) ⊔ obj_level(stats) ⊔ obj_level(this)
org.apache.bookkeeper.common.component.RxSchedulerLifecycleComponent.meth,obj_level(stats),pc ⊔ level(componentName) ⊔ level(conf) ⊔ level(stats) ⊔ level(this) ⊔ obj_level(componentName) ⊔ obj_level(conf) ⊔ obj_level(stats) ⊔ obj_level(this)
org.apache.bookkeeper.common.component.RxSchedulerLifecycleComponent.meth,obj_level(scheduler),pc ⊔ level(componentName) ⊔ level(conf) ⊔ level(stats) ⊔ level(this) ⊔ obj_level(componentName) ⊔ obj_level(conf) ⊔ obj_level(scheduler) ⊔ obj_level(stats) ⊔ obj_level(this)
org.apache.bookkeeper.common.component.RxSchedulerLifecycleComponent.meth,obj_level(rxExecutor),pc ⊔ level(componentName) ⊔ level(conf) ⊔ level(rxExecutor) ⊔ level(scheduler) ⊔ level(stats) ⊔ level(this) ⊔ obj_level(componentName) ⊔ obj_level(conf) ⊔ obj_level(rxExecutor) ⊔ obj_level(scheduler) ⊔ obj_level(stats) ⊔ obj_level(this)
org.apache.bookkeeper.common.component.RxSchedulerLifecycleComponent.meth,obj_level(componentName),pc ⊔ level(componentName) ⊔ level(conf) ⊔ level(stats) ⊔ level(this) ⊔ obj_level(componentName) ⊔ obj_level(conf) ⊔ obj_level(stats) ⊔ obj_level(this)
org.apache.bookkeeper.common.component.RxSchedulerLifecycleComponent.meth,obj_level(conf),pc ⊔ level(componentName) ⊔ level(conf) ⊔ level(stats) ⊔ level(this) ⊔ obj_level(componentName) ⊔ obj_level(conf) ⊔ obj_level(stats) ⊔ obj_level(this)
org.apache.bookkeeper.common.util.OrderedExecutor$TimedRunnable.meth,obj_level(this$0),pc ⊔ level(runnable) ⊔ level(this) ⊔ level(this$0) ⊔ obj_level(this) ⊔ obj_level(this$0)
org.apache.bookkeeper.common.util.OrderedExecutor$TimedRunnable.meth,obj_level(this),pc ⊔ level(runnable) ⊔ level(this) ⊔ level(this$0) ⊔ obj_level(this) ⊔ obj_level(this$0)
org.apache.bookkeeper.common.util.OrderedExecutor$TimedRunnable.meth,obj_level(runnable),pc ⊔ level(runnable) ⊔ level(this) ⊔ level(this$0) ⊔ obj_level(this) ⊔ obj_level(this$0)
org.apache.bookkeeper.common.stats.BroadCastStatsLogger$Two$2.meth,obj_level(l3),pc ⊔ level(l2) ⊔ level(l3) ⊔ level(this) ⊔ level(this$0) ⊔ obj_level(l2) ⊔ obj_level(this$0)
org.apache.bookkeeper.common.stats.BroadCastStatsLogger$Two$2.meth,obj_level(this$0),pc ⊔ level(l2) ⊔ level(l3) ⊔ level(this) ⊔ level(this$0) ⊔ obj_level(l2) ⊔ obj_level(this$0)
org.apache.bookkeeper.common.stats.BroadCastStatsLogger$Two$2.meth,obj_level(this),pc ⊔ level(l2) ⊔ level(l3) ⊔ level(this) ⊔ level(this$0) ⊔ obj_level(l2) ⊔ obj_level(this$0)
org.apache.bookkeeper.common.stats.BroadCastStatsLogger$Two$2.meth,obj_level(l2),pc ⊔ level(l2) ⊔ level(l3) ⊔ level(this) ⊔ level(this$0) ⊔ obj_level(l2) ⊔ obj_level(this$0)
org.apache.bookkeeper.common.util.SingleThreadExecutor$ExecutorRejectedException.meth,obj_level(this),pc ⊔ level(msg) ⊔ level(this) ⊔ obj_level(msg) ⊔ obj_level(this)
org.apache.bookkeeper.common.collections.BusyWait.meth,obj_level(this),pc ⊔ level(this) ⊔ obj_level(this)
org.apache.bookkeeper.common.util.SingleThreadSafeScheduledExecutorService$SafeRunnable.meth,obj_level(task),pc ⊔ level(task) ⊔ level(this) ⊔ obj_level(task)
org.apache.bookkeeper.common.util.SingleThreadSafeScheduledExecutorService$SafeRunnable.meth,obj_level(this),pc ⊔ level(task) ⊔ level(this) ⊔ obj_level(task)
org.apache.bookkeeper.common.collections.RecyclableArrayList.meth,obj_level(this),pc ⊔ level(this) ⊔ obj_level(this)
org.apache.bookkeeper.common.stats.OpStatsListener.meth,obj_level(this),pc ⊔ level(@stopwatch) ⊔ level(opStatsLogger) ⊔ level(this) ⊔ obj_level(@stopwatch) ⊔ obj_level(opStatsLogger) ⊔ obj_level(this)
org.apache.bookkeeper.common.stats.OpStatsListener.meth,obj_level(opStatsLogger),pc ⊔ level(this) ⊔ obj_level(opStatsLogger) ⊔ obj_level(this)
org.apache.bookkeeper.common.stats.OpStatsListener.meth,obj_level(@stopwatch),pc ⊔ level(@stopwatch) ⊔ level(this) ⊔ obj_level(@stopwatch) ⊔ obj_level(this)
org.apache.bookkeeper.common.util.OrderedExecutor$5.meth,obj_level(this),pc ⊔ level(l2) ⊔ level(this) ⊔ level(this$0) ⊔ obj_level(this) ⊔ obj_level(this$0)
org.apache.bookkeeper.common.util.OrderedExecutor$5.meth,obj_level(this$0),pc ⊔ level(l2) ⊔ level(this) ⊔ level(this$0) ⊔ obj_level(this) ⊔ obj_level(this$0)
org.apache.bookkeeper.common.conf.ConcurrentConfiguration.meth,obj_level(this),pc ⊔ level(this) ⊔ obj_level(this)
org.apache.bookkeeper.common.util.JsonUtil$ParseJsonException.meth,obj_level(this),pc ⊔ level(cause) ⊔ level(message) ⊔ level(this) ⊔ obj_level(cause) ⊔ obj_level(message)
org.apache.bookkeeper.common.util.JsonUtil$ParseJsonException.meth,obj_level(cause),pc ⊔ level(cause) ⊔ level(message) ⊔ level(this) ⊔ obj_level(cause) ⊔ obj_level(message)
org.apache.bookkeeper.common.component.ComponentStarter.meth,obj_level(this),pc ⊔ level(this) ⊔ obj_level(this)
org.apache.bookkeeper.common.util.BoundedExecutorService.meth,obj_level(this),pc ⊔ level(maxTasksInQueue) ⊔ level(this) ⊔ level(thread) ⊔ obj_level(this) ⊔ obj_level(thread)
org.apache.bookkeeper.common.util.BoundedExecutorService.meth,obj_level(thread),pc ⊔ level(maxTasksInQueue) ⊔ level(this) ⊔ level(thread) ⊔ obj_level(this) ⊔ obj_level(thread)
org.apache.bookkeeper.common.util.OrderedExecutor$ContextPreservingRunnable.meth,obj_level(runnable),pc ⊔ level(runnable) ⊔ level(this) ⊔ obj_level(runnable)
org.apache.bookkeeper.common.util.OrderedExecutor$ContextPreservingRunnable.meth,obj_level(this),pc ⊔ level(runnable) ⊔ level(this) ⊔ obj_level(runnable)
org.apache.bookkeeper.common.util.SingleThreadExecutor$3.meth,obj_level(this),pc ⊔ level(this) ⊔ level(this$0) ⊔ obj_level(this) ⊔ obj_level(this$0)
org.apache.bookkeeper.common.util.SingleThreadExecutor$3.meth,obj_level(this$0),pc ⊔ level(this) ⊔ level(this$0) ⊔ obj_level(this) ⊔ obj_level(this$0)
org.apache.bookkeeper.common.collections.BlockingMpscQueue$1.meth,obj_level(this),pc ⊔ level(this) ⊔ obj_level(this)
org.apache.bookkeeper.common.util.SharedResourceManager$Instance.meth,obj_level(this),pc ⊔ level(instance) ⊔ level(this) ⊔ obj_level(instance)
org.apache.bookkeeper.common.util.SharedResourceManager$Instance.meth,obj_level(instance),pc ⊔ level(instance) ⊔ level(this) ⊔ obj_level(instance)
org.apache.bookkeeper.common.util.OrderedExecutor$3.meth,obj_level(this),pc ⊔ level(l2) ⊔ level(this) ⊔ level(this$0) ⊔ obj_level(l2) ⊔ obj_level(this) ⊔ obj_level(this$0)
org.apache.bookkeeper.common.util.OrderedExecutor$3.meth,obj_level(this$0),pc ⊔ level(l2) ⊔ level(this) ⊔ level(this$0) ⊔ obj_level(l2) ⊔ obj_level(this) ⊔ obj_level(this$0)
org.apache.bookkeeper.common.util.OrderedExecutor$3.meth,obj_level(l2),pc ⊔ level(l2) ⊔ level(this) ⊔ level(this$0) ⊔ obj_level(l2) ⊔ obj_level(this) ⊔ obj_level(this$0)
org.apache.bookkeeper.common.collections.BlockingMpscQueue.meth,obj_level(this),pc ⊔ level(size) ⊔ level(this) ⊔ obj_level(this)
org.apache.bookkeeper.common.stats.BroadCastStatsLogger$Two$1.meth,obj_level(l3),pc ⊔ level(l2) ⊔ level(l3) ⊔ level(this) ⊔ level(this$0) ⊔ obj_level(l2) ⊔ obj_level(this$0)
org.apache.bookkeeper.common.stats.BroadCastStatsLogger$Two$1.meth,obj_level(l2),pc ⊔ level(l2) ⊔ level(l3) ⊔ level(this) ⊔ level(this$0) ⊔ obj_level(l2) ⊔ obj_level(this$0)
org.apache.bookkeeper.common.stats.BroadCastStatsLogger$Two$1.meth,obj_level(this$0),pc ⊔ level(l2) ⊔ level(l3) ⊔ level(this) ⊔ level(this$0) ⊔ obj_level(l2) ⊔ obj_level(this$0)
org.apache.bookkeeper.common.stats.BroadCastStatsLogger$Two$1.meth,obj_level(this),pc ⊔ level(l2) ⊔ level(l3) ⊔ level(this) ⊔ level(this$0) ⊔ obj_level(l2) ⊔ obj_level(this$0)
org.apache.bookkeeper.common.annotation.InterfaceAudience.meth,obj_level(this),pc ⊔ level(this) ⊔ obj_level(this)
org.apache.bookkeeper.common.util.Retries.meth,obj_level(this),pc ⊔ level(this) ⊔ obj_level(this)
org.apache.bookkeeper.common.util.MemoryLimitController.meth,obj_level(this),pc ⊔ level(memoryLimitBytes) ⊔ level(this) ⊔ obj_level(this)
org.apache.bookkeeper.common.util.ReflectionUtils.meth,obj_level(this),pc ⊔ level(this) ⊔ obj_level(this)
org.apache.bookkeeper.common.util.MdcUtils.meth,obj_level(this),pc ⊔ level(this) ⊔ obj_level(this)
org.apache.bookkeeper.common.util.SafeRunnable$1.meth,obj_level(l1),pc ⊔ level(l1) ⊔ level(this) ⊔ obj_level(l1)
org.apache.bookkeeper.common.util.SafeRunnable$1.meth,obj_level(this),pc ⊔ level(l1) ⊔ level(this) ⊔ obj_level(l1)
org.apache.bookkeeper.common.stats.BroadCastStatsLogger.meth,obj_level(this),pc ⊔ level(this) ⊔ obj_level(this)
org.apache.bookkeeper.common.conf.ConfigKeyGroup.meth,obj_level(description),pc ⊔ level(this) ⊔ obj_level(description) ⊔ obj_level(this)
org.apache.bookkeeper.common.conf.ConfigKeyGroup.meth,obj_level(this),pc ⊔ level(children) ⊔ level(description) ⊔ level(name) ⊔ level(order) ⊔ level(this) ⊔ obj_level(children) ⊔ obj_level(description) ⊔ obj_level(this)
org.apache.bookkeeper.common.conf.ConfigKeyGroup.meth,obj_level(name),pc ⊔ level(this) ⊔ obj_level(name) ⊔ obj_level(this)
org.apache.bookkeeper.common.conf.ConfigKeyGroup.meth,obj_level(children),pc ⊔ level(children) ⊔ level(description) ⊔ level(name) ⊔ level(order) ⊔ level(this) ⊔ obj_level(children) ⊔ obj_level(description) ⊔ obj_level(this)
org.apache.bookkeeper.common.collections.GrowableMpScArrayConsumerBlockingQueue$PaddedInt.meth,obj_level(this),pc ⊔ level(this) ⊔ obj_level(this)
org.apache.bookkeeper.common.util.OrderedExecutor$2.meth,obj_level(this),pc ⊔ level(l2) ⊔ level(this) ⊔ level(this$0) ⊔ obj_level(l2) ⊔ obj_level(this) ⊔ obj_level(this$0)
org.apache.bookkeeper.common.util.OrderedExecutor$2.meth,obj_level(this$0),pc ⊔ level(l2) ⊔ level(this) ⊔ level(this$0) ⊔ obj_level(l2) ⊔ obj_level(this) ⊔ obj_level(this$0)
org.apache.bookkeeper.common.util.OrderedExecutor$2.meth,obj_level(l2),pc ⊔ level(l2) ⊔ level(this) ⊔ level(this$0) ⊔ obj_level(l2) ⊔ obj_level(this) ⊔ obj_level(this$0)
org.apache.bookkeeper.common.annotation.InterfaceStability.meth,obj_level(this),pc ⊔ level(this) ⊔ obj_level(this)
org.apache.bookkeeper.common.component.AbstractComponent.meth,obj_level(name),pc ⊔ level(this) ⊔ obj_level(name) ⊔ obj_level(this)
org.apache.bookkeeper.common.component.AbstractComponent.meth,obj_level(conf),pc ⊔ level(this) ⊔ obj_level(conf) ⊔ obj_level(this)
org.apache.bookkeeper.common.component.AbstractComponent.meth,obj_level(this),pc ⊔ level(conf) ⊔ level(name) ⊔ level(this) ⊔ obj_level(conf) ⊔ obj_level(name) ⊔ obj_level(this)
org.apache.bookkeeper.common.util.Backoff$Jitter$Type.meth,obj_level(this),pc ⊔ level(l1) ⊔ level(l2) ⊔ level(this) ⊔ obj_level(l1) ⊔ obj_level(this)
org.apache.bookkeeper.common.util.Backoff$Jitter$Type.meth,obj_level(l1),pc ⊔ level(l1) ⊔ level(l2) ⊔ level(this) ⊔ obj_level(l1) ⊔ obj_level(this)
org.apache.bookkeeper.common.util.Backoff$Constant.meth,obj_level(this),pc ⊔ level(limit) ⊔ level(ms) ⊔ level(this) ⊔ obj_level(this)
org.apache.bookkeeper.common.util.OrderedExecutor$4.meth,obj_level(this),pc ⊔ level(l2) ⊔ level(this) ⊔ level(this$0) ⊔ obj_level(l2) ⊔ obj_level(this) ⊔ obj_level(this$0)
org.apache.bookkeeper.common.util.OrderedExecutor$4.meth,obj_level(this$0),pc ⊔ level(l2) ⊔ level(this) ⊔ level(this$0) ⊔ obj_level(l2) ⊔ obj_level(this) ⊔ obj_level(this$0)
org.apache.bookkeeper.common.util.OrderedExecutor$4.meth,obj_level(l2),pc ⊔ level(l2) ⊔ level(this) ⊔ level(this$0) ⊔ obj_level(l2) ⊔ obj_level(this) ⊔ obj_level(this$0)
org.apache.bookkeeper.common.conf.Type.meth,obj_level(l1),pc ⊔ level(l1) ⊔ level(l2) ⊔ level(this) ⊔ obj_level(l1) ⊔ obj_level(this)
org.apache.bookkeeper.common.conf.Type.meth,obj_level(validator),pc ⊔ level(l1) ⊔ level(l2) ⊔ level(this) ⊔ level(validator) ⊔ obj_level(l1) ⊔ obj_level(this) ⊔ obj_level(validator)
org.apache.bookkeeper.common.conf.Type.meth,obj_level(this),pc ⊔ level(l1) ⊔ level(l2) ⊔ level(this) ⊔ level(validator) ⊔ obj_level(l1) ⊔ obj_level(this) ⊔ obj_level(validator)
org.apache.bookkeeper.common.component.AbstractLifecycleComponent.meth,obj_level(componentName),pc ⊔ level(componentName) ⊔ level(conf) ⊔ level(this) ⊔ obj_level(componentName) ⊔ obj_level(conf) ⊔ obj_level(this)
org.apache.bookkeeper.common.component.AbstractLifecycleComponent.meth,obj_level(this),pc ⊔ level(componentName) ⊔ level(conf) ⊔ level(statsLogger) ⊔ level(this) ⊔ obj_level(componentName) ⊔ obj_level(conf) ⊔ obj_level(statsLogger) ⊔ obj_level(this)
org.apache.bookkeeper.common.component.AbstractLifecycleComponent.meth,obj_level(statsLogger),pc ⊔ level(componentName) ⊔ level(conf) ⊔ level(this) ⊔ obj_level(componentName) ⊔ obj_level(conf) ⊔ obj_level(statsLogger) ⊔ obj_level(this)
org.apache.bookkeeper.common.component.AbstractLifecycleComponent.meth,obj_level(conf),pc ⊔ level(componentName) ⊔ level(conf) ⊔ level(this) ⊔ obj_level(componentName) ⊔ obj_level(conf) ⊔ obj_level(this)
org.apache.bookkeeper.common.component.LifecycleComponentStack$Builder.meth,obj_level(this),pc ⊔ level(this) ⊔ obj_level(this)
org.apache.bookkeeper.util.MathUtils.meth,obj_level(this),pc ⊔ level(this) ⊔ obj_level(this)
org.apache.bookkeeper.common.concurrent.FutureUtils.meth,obj_level(this),pc ⊔ level(this) ⊔ obj_level(this)
org.apache.bookkeeper.common.conf.validators.NullValidator.meth,obj_level(this),pc ⊔ level(this) ⊔ obj_level(this)
org.apache.bookkeeper.common.util.OrderedExecutor$6.meth,obj_level(this),pc ⊔ level(l2) ⊔ level(this) ⊔ level(this$0) ⊔ obj_level(this) ⊔ obj_level(this$0)
org.apache.bookkeeper.common.util.OrderedExecutor$6.meth,obj_level(this$0),pc ⊔ level(l2) ⊔ level(this) ⊔ level(this$0) ⊔ obj_level(this) ⊔ obj_level(this$0)
org.apache.bookkeeper.common.util.StreamUtil.meth,obj_level(this),pc ⊔ level(this) ⊔ obj_level(this)
org.apache.bookkeeper.common.component.Lifecycle.meth,obj_level(this),pc ⊔ level(this) ⊔ obj_level(this)
org.apache.bookkeeper.common.component.ComponentInfoPublisher$EndpointInfo.meth,obj_level(protocol),pc ⊔ level(@auth) ⊔ level(extensions) ⊔ level(host) ⊔ level(id) ⊔ level(port) ⊔ level(protocol) ⊔ level(this) ⊔ obj_level(@auth) ⊔ obj_level(host) ⊔ obj_level(this)
org.apache.bookkeeper.common.component.ComponentInfoPublisher$EndpointInfo.meth,obj_level(@auth),pc ⊔ level(@auth) ⊔ level(extensions) ⊔ level(host) ⊔ level(id) ⊔ level(port) ⊔ level(protocol) ⊔ level(this) ⊔ obj_level(@auth) ⊔ obj_level(host) ⊔ obj_level(this)
org.apache.bookkeeper.common.component.ComponentInfoPublisher$EndpointInfo.meth,obj_level(host),pc ⊔ level(@auth) ⊔ level(extensions) ⊔ level(host) ⊔ level(id) ⊔ level(port) ⊔ level(protocol) ⊔ level(this) ⊔ obj_level(@auth) ⊔ obj_level(host) ⊔ obj_level(this)
org.apache.bookkeeper.common.component.ComponentInfoPublisher$EndpointInfo.meth,obj_level(extensions),pc ⊔ level(@auth) ⊔ level(extensions) ⊔ level(host) ⊔ level(id) ⊔ level(port) ⊔ level(protocol) ⊔ level(this) ⊔ obj_level(@auth) ⊔ obj_level(host) ⊔ obj_level(this)
org.apache.bookkeeper.common.component.ComponentInfoPublisher$EndpointInfo.meth,obj_level(id),pc ⊔ level(@auth) ⊔ level(extensions) ⊔ level(host) ⊔ level(id) ⊔ level(port) ⊔ level(protocol) ⊔ level(this) ⊔ obj_level(@auth) ⊔ obj_level(host) ⊔ obj_level(this)
org.apache.bookkeeper.common.component.ComponentInfoPublisher$EndpointInfo.meth,obj_level(this),pc ⊔ level(@auth) ⊔ level(extensions) ⊔ level(host) ⊔ level(id) ⊔ level(port) ⊔ level(protocol) ⊔ level(this) ⊔ obj_level(@auth) ⊔ obj_level(host) ⊔ obj_level(this)
org.apache.bookkeeper.common.util.StreamUtil$1.meth,obj_level(l1),pc ⊔ level(l1) ⊔ level(l2) ⊔ level(l3) ⊔ level(this) ⊔ obj_level(l1) ⊔ obj_level(l3)
org.apache.bookkeeper.common.util.StreamUtil$1.meth,obj_level(l2),pc ⊔ level(l1) ⊔ level(l2) ⊔ level(l3) ⊔ level(this) ⊔ obj_level(l1) ⊔ obj_level(l3)
org.apache.bookkeeper.common.util.StreamUtil$1.meth,obj_level(this),pc ⊔ level(l1) ⊔ level(l2) ⊔ level(l3) ⊔ level(this) ⊔ obj_level(l1) ⊔ obj_level(l3)
org.apache.bookkeeper.common.util.StreamUtil$1.meth,obj_level(l3),pc ⊔ level(l1) ⊔ level(l2) ⊔ level(l3) ⊔ level(this) ⊔ obj_level(l1) ⊔ obj_level(l3)
org.apache.bookkeeper.common.conf.ConfigException.meth,obj_level(this),pc ⊔ level(error) ⊔ level(this) ⊔ obj_level(error) ⊔ obj_level(this)
org.apache.bookkeeper.common.component.AutoCloseableLifecycleComponent.meth,obj_level(this),pc ⊔ level(closeable) ⊔ level(componentName) ⊔ level(this) ⊔ obj_level(closeable) ⊔ obj_level(componentName)
org.apache.bookkeeper.common.component.AutoCloseableLifecycleComponent.meth,obj_level(closeable),pc ⊔ level(closeable) ⊔ level(componentName) ⊔ level(this) ⊔ obj_level(closeable) ⊔ obj_level(componentName)
org.apache.bookkeeper.common.component.AutoCloseableLifecycleComponent.meth,obj_level(componentName),pc ⊔ level(this) ⊔ obj_level(componentName) ⊔ obj_level(this)
org.apache.bookkeeper.common.util.SingleThreadSafeScheduledExecutorService.meth,obj_level(threadFactory),pc ⊔ level(this) ⊔ level(threadFactory) ⊔ obj_level(this) ⊔ obj_level(threadFactory)
org.apache.bookkeeper.common.util.SingleThreadSafeScheduledExecutorService.meth,obj_level(this),pc ⊔ level(this) ⊔ level(threadFactory) ⊔ obj_level(this) ⊔ obj_level(threadFactory)
org.apache.bookkeeper.common.util.ExecutorUtils.meth,obj_level(this),pc ⊔ level(this) ⊔ obj_level(this)
org.apache.bookkeeper.common.component.Lifecycle$State.meth,obj_level(l1),pc ⊔ level(l1) ⊔ level(l2) ⊔ level(this) ⊔ obj_level(l1) ⊔ obj_level(this)
org.apache.bookkeeper.common.component.Lifecycle$State.meth,obj_level(this),pc ⊔ level(l1) ⊔ level(l2) ⊔ level(this) ⊔ obj_level(l1) ⊔ obj_level(this)