org.apache.bookkeeper.tools.framework.CliFlags.meth,obj_level(this),pc ⊔ level(this) ⊔ obj_level(this)
org.apache.bookkeeper.tools.framework.CliCommandGroup.meth,obj_level(this),pc ⊔ level(@spec) ⊔ level(this) ⊔ obj_level(@spec) ⊔ obj_level(this)
org.apache.bookkeeper.tools.framework.CliCommandGroup.meth,obj_level(@spec),pc ⊔ level(@spec) ⊔ level(this) ⊔ obj_level(@spec) ⊔ obj_level(this)
org.apache.bookkeeper.tools.common.BKCommandCategories.meth,obj_level(this),pc ⊔ level(this) ⊔ obj_level(this)
org.apache.bookkeeper.tools.common.BKCommand.meth,obj_level(this),pc ⊔ level(spec) ⊔ level(this) ⊔ obj_level(spec) ⊔ obj_level(this)
org.apache.bookkeeper.tools.common.BKCommand.meth,obj_level(spec),pc ⊔ level(spec) ⊔ level(this) ⊔ obj_level(spec) ⊔ obj_level(this)
org.apache.bookkeeper.tools.framework.CommandUtils.meth,obj_level(this),pc ⊔ level(this) ⊔ obj_level(this)
org.apache.bookkeeper.tools.framework.HelpCommand.meth,obj_level(this),pc ⊔ level(cli) ⊔ level(this) ⊔ obj_level(cli) ⊔ obj_level(this)
org.apache.bookkeeper.tools.framework.HelpCommand.meth,obj_level(cli),pc ⊔ level(cli) ⊔ level(this) ⊔ obj_level(cli) ⊔ obj_level(this)
org.apache.bookkeeper.tools.framework.CliCommand.meth,obj_level(spec),pc ⊔ level(spec) ⊔ level(this) ⊔ obj_level(spec) ⊔ obj_level(this)
org.apache.bookkeeper.tools.framework.CliCommand.meth,obj_level(this),pc ⊔ level(spec) ⊔ level(this) ⊔ obj_level(spec) ⊔ obj_level(this)
org.apache.bookkeeper.tools.common.BKFlags.meth,obj_level(this),pc ⊔ level(this) ⊔ obj_level(this)