Lib Caller, Lib Name
java.lang.Object_clinit.meth,java.lang.Object_native_registerNatives
java.io.Bits_getFloat_byte_arr_int.meth,java.lang.Float_native_intBitsToFloat_int
java.io.Bits_getDouble_byte_arr_int.meth,java.lang.Double_native_longBitsToDouble_long
java.lang.Float_floatToIntBits_float.meth,java.lang.Float_native_floatToRawIntBits_float
java.lang.Double_doubleToLongBits_double.meth,java.lang.Double_native_doubleToRawLongBits_double
java.io.BufferedInputStream_getInIfOpen.meth,java.io.IOException_init_java.lang.String
java.io.BufferedInputStream_clinit.meth,java.util.concurrent.atomic.AtomicReferenceFieldUpdater_newUpdater_java.lang.Class_java.lang.Class_java.lang.String
java.io.BufferedInputStream_getBufIfOpen.meth,java.io.IOException_init_java.lang.String
java.io.BufferedInputStream_init_java.io.InputStream_int.meth,java.lang.IllegalArgumentException_init_java.lang.String
java.io.BufferedInputStream_fill.meth,java.lang.System_native_arraycopy_java.lang.Object_int_java.lang.Object_int_int
java.lang.Error_init_java.lang.String.meth,java.lang.Throwable_init_java.lang.String
java.io.BufferedInputStream_fill.meth,java.lang.System_native_arraycopy_java.lang.Object_int_java.lang.Object_int_int
java.io.BufferedInputStream_fill.meth,java.util.concurrent.atomic.AtomicReferenceFieldUpdater_compareAndSet_java.lang.Object_java.lang.Object_java.lang.Object
java.io.BufferedInputStream_fill.meth,java.io.IOException_init_java.lang.String
java.io.InputStream_read_byte_arr_int_int.meth,java.lang.NullPointerException_init
java.io.InputStream_read_byte_arr_int_int.meth,java.lang.IndexOutOfBoundsException_init
java.io.BufferedInputStream_read1_byte_arr_int_int.meth,java.lang.System_native_arraycopy_java.lang.Object_int_java.lang.Object_int_int
java.io.BufferedInputStream_read_byte_arr_int_int.meth,java.lang.IndexOutOfBoundsException_init
java.io.BufferedInputStream_reset.meth,java.io.IOException_init_java.lang.String
java.io.BufferedInputStream_close.meth,java.util.concurrent.atomic.AtomicReferenceFieldUpdater_compareAndSet_java.lang.Object_java.lang.Object_java.lang.Object
java.io.BufferedOutputStream_init_java.io.OutputStream_int.meth,java.lang.IllegalArgumentException_init_java.lang.String
java.io.OutputStream_write_byte_arr_int_int.meth,java.lang.NullPointerException_init
java.io.OutputStream_write_byte_arr_int_int.meth,java.lang.IndexOutOfBoundsException_init
java.io.BufferedOutputStream_write_byte_arr_int_int.meth,java.lang.System_native_arraycopy_java.lang.Object_int_java.lang.Object_int_int
java.io.Reader_init_java.lang.Object.meth,java.lang.NullPointerException_init
java.io.BufferedReader_init_java.io.Reader_int.meth,java.lang.IllegalArgumentException_init_java.lang.String
java.io.BufferedReader_ensureOpen.meth,java.io.IOException_init_java.lang.String
java.io.BufferedReader_fill.meth,java.lang.System_native_arraycopy_java.lang.Object_int_java.lang.Object_int_int
java.io.BufferedReader_fill.meth,java.lang.System_native_arraycopy_java.lang.Object_int_java.lang.Object_int_int
java.io.BufferedReader_read1_char_arr_int_int.meth,java.lang.System_native_arraycopy_java.lang.Object_int_java.lang.Object_int_int
java.io.BufferedReader_skip_long.meth,java.lang.IllegalArgumentException_init_java.lang.String
java.io.BufferedReader_mark_int.meth,java.lang.IllegalArgumentException_init_java.lang.String
java.util.Objects_requireNonNull_java.lang.Object.meth,java.lang.NullPointerException_init
java.io.BufferedReader_lines.meth,java.util.stream.StreamSupport_stream_java.util.Spliterator_boolean
java.io.BufferedReader$1_hasNext.meth,java.io.UncheckedIOException_init_java.io.IOException
java.io.BufferedReader$1_next.meth,java.util.NoSuchElementException_init
java.io.Writer_init_java.lang.Object.meth,java.lang.NullPointerException_init
java.io.BufferedWriter_init_java.io.Writer_int.meth,java.lang.IllegalArgumentException_init_java.lang.String
java.io.BufferedWriter_init_java.io.Writer_int.meth,sun.security.action.GetPropertyAction_init_java.lang.String
java.io.BufferedWriter_init_java.io.Writer_int.meth,java.security.AccessController_native_doPrivileged_java.security.PrivilegedAction
java.io.BufferedWriter_ensureOpen.meth,java.io.IOException_init_java.lang.String
java.io.ByteArrayInputStream_read_byte_arr_int_int.meth,java.lang.NullPointerException_init
java.io.ByteArrayInputStream_read_byte_arr_int_int.meth,java.lang.IndexOutOfBoundsException_init
java.io.ByteArrayInputStream_read_byte_arr_int_int.meth,java.lang.System_native_arraycopy_java.lang.Object_int_java.lang.Object_int_int
java.lang.Error_init.meth,java.lang.Throwable_init
java.util.Arrays_copyOf_char_arr_int.meth,java.lang.System_native_arraycopy_java.lang.Object_int_java.lang.Object_int_int
java.lang.String_getChars_int_int_char_arr_int.meth,java.lang.StringIndexOutOfBoundsException_init_int
java.lang.String_getChars_int_int_char_arr_int.meth,java.lang.StringIndexOutOfBoundsException_init_int
java.lang.String_getChars_int_int_char_arr_int.meth,java.lang.StringIndexOutOfBoundsException_init_int
java.lang.String_getChars_int_int_char_arr_int.meth,java.lang.System_native_arraycopy_java.lang.Object_int_java.lang.Object_int_int
java.lang.String_init_char_arr_int_int.meth,java.lang.StringIndexOutOfBoundsException_init_int
java.lang.String_init_char_arr_int_int.meth,java.lang.StringIndexOutOfBoundsException_init_int
java.lang.String_init_char_arr_int_int.meth,java.lang.StringIndexOutOfBoundsException_init_int
java.util.Arrays_copyOfRange_char_arr_int_int.meth,java.lang.IllegalArgumentException_init_java.lang.String
java.util.Arrays_copyOfRange_char_arr_int_int.meth,java.lang.System_native_arraycopy_java.lang.Object_int_java.lang.Object_int_int
java.io.ByteArrayOutputStream_init_int.meth,java.lang.IllegalArgumentException_init_java.lang.String
java.util.Arrays_copyOf_byte_arr_int.meth,java.lang.System_native_arraycopy_java.lang.Object_int_java.lang.Object_int_int
java.io.ByteArrayOutputStream_write_byte_arr_int_int.meth,java.lang.IndexOutOfBoundsException_init
java.io.ByteArrayOutputStream_write_byte_arr_int_int.meth,java.lang.System_native_arraycopy_java.lang.Object_int_java.lang.Object_int_int
java.lang.String_checkBounds_byte_arr_int_int.meth,java.lang.StringIndexOutOfBoundsException_init_int
java.lang.String_checkBounds_byte_arr_int_int.meth,java.lang.StringIndexOutOfBoundsException_init_int
java.lang.String_checkBounds_byte_arr_int_int.meth,java.lang.StringIndexOutOfBoundsException_init_int
java.nio.charset.Charset_clinit.meth,sun.nio.cs.StandardCharsets_init
java.nio.charset.Charset_clinit.meth,java.lang.ThreadLocal_init
java.lang.StringCoding_deref_java.lang.ThreadLocal.meth,java.lang.ThreadLocal_get
java.lang.StringCoding_deref_java.lang.ThreadLocal.meth,java.lang.ref.SoftReference_get
java.lang.StringCoding_clinit.meth,java.lang.ThreadLocal_init
java.lang.StringCoding_clinit.meth,java.lang.ThreadLocal_init
java.lang.StringCoding_decode_java.lang.String_byte_arr_int_int.meth,java.lang.StringCoding$StringDecoder_charsetName
java.nio.charset.Charset_lookup_java.lang.String.meth,java.lang.IllegalArgumentException_init_java.lang.String
java.nio.charset.Charset_lookupViaProviders_java.lang.String.meth,sun.misc.VM_isBooted
java.nio.charset.Charset_lookupViaProviders_java.lang.String.meth,java.lang.ThreadLocal_get
java.nio.charset.Charset_lookupViaProviders_java.lang.String.meth,java.lang.ThreadLocal_set_java.lang.Object
java.nio.charset.Charset_lookupViaProviders_java.lang.String.meth,java.security.AccessController_native_doPrivileged_java.security.PrivilegedAction
java.nio.charset.Charset_lookupViaProviders_java.lang.String.meth,java.lang.ThreadLocal_set_java.lang.Object
java.nio.charset.Charset_lookupViaProviders_java.lang.String.meth,java.lang.ThreadLocal_set_java.lang.Object
java.nio.charset.Charset_atBugLevel_java.lang.String.meth,sun.misc.VM_isBooted
java.nio.charset.Charset_atBugLevel_java.lang.String.meth,sun.security.action.GetPropertyAction_init_java.lang.String_java.lang.String
java.nio.charset.Charset_atBugLevel_java.lang.String.meth,java.security.AccessController_native_doPrivileged_java.security.PrivilegedAction
java.nio.charset.Charset_checkName_java.lang.String.meth,java.nio.charset.IllegalCharsetNameException_init_java.lang.String
java.lang.String_charAt_int.meth,java.lang.StringIndexOutOfBoundsException_init_int
java.nio.charset.Charset_checkName_java.lang.String.meth,java.nio.charset.IllegalCharsetNameException_init_java.lang.String
java.nio.charset.Charset_forName_java.lang.String.meth,java.nio.charset.UnsupportedCharsetException_init_java.lang.String
java.lang.Error_init_java.lang.Throwable.meth,java.lang.Throwable_init_java.lang.Throwable
java.lang.StringCoding_decode_java.lang.String_byte_arr_int_int.meth,java.io.UnsupportedEncodingException_init_java.lang.String
java.lang.StringCoding_set_java.lang.ThreadLocal_java.lang.Object.meth,java.lang.ref.SoftReference_init_java.lang.Object
java.lang.StringCoding_set_java.lang.ThreadLocal_java.lang.Object.meth,java.lang.ThreadLocal_set_java.lang.Object
java.lang.StringCoding$StringDecoder_decode_byte_arr_int_int.meth,sun.nio.cs.ArrayDecoder_decode_byte_arr_int_int_char_arr
java.lang.StringCoding_safeTrim_char_arr_int_java.nio.charset.Charset_boolean.meth,java.lang.System_getSecurityManager
java.nio.Buffer_init_int_int_int_int.meth,java.lang.IllegalArgumentException_init_java.lang.String
java.nio.Buffer_limit_int.meth,java.lang.IllegalArgumentException_init
java.nio.Buffer_position_int.meth,java.lang.IllegalArgumentException_init
java.nio.Buffer_init_int_int_int_int.meth,java.lang.IllegalArgumentException_init_java.lang.String
java.nio.ByteBuffer_wrap_byte_arr_int_int.meth,java.lang.IndexOutOfBoundsException_init
java.nio.CharBuffer_wrap_char_arr_int_int.meth,java.lang.IndexOutOfBoundsException_init
java.nio.charset.CharsetDecoder_throwIllegalStateException_int_int.meth,java.lang.IllegalStateException_init_java.lang.String
java.nio.charset.CharsetDecoder_decode_java.nio.ByteBuffer_java.nio.CharBuffer_boolean.meth,java.nio.charset.CoderMalfunctionError_init_java.lang.Exception
java.nio.charset.CharsetDecoder_decode_java.nio.ByteBuffer_java.nio.CharBuffer_boolean.meth,java.nio.charset.CoderMalfunctionError_init_java.lang.Exception
java.lang.AssertionError_init_java.lang.Object.meth,java.lang.Throwable_initCause_java.lang.Throwable
java.nio.Buffer_checkBounds_int_int_int.meth,java.lang.IndexOutOfBoundsException_init
java.nio.CharBuffer_put_java.lang.String_int_int.meth,java.nio.ReadOnlyBufferException_init
java.nio.CharBuffer_put_java.lang.String_int_int.meth,java.nio.BufferOverflowException_init
java.nio.charset.CoderResult_length.meth,java.lang.UnsupportedOperationException_init
java.nio.charset.CoderResult_throwException.meth,java.nio.BufferUnderflowException_init
java.nio.charset.CoderResult_throwException.meth,java.nio.BufferOverflowException_init
java.nio.charset.CoderResult_throwException.meth,java.nio.charset.MalformedInputException_init_int
java.nio.charset.CoderResult_throwException.meth,java.nio.charset.UnmappableCharacterException_init_int
java.lang.StringCoding_warnUnsupportedCharset_java.lang.String.meth,sun.misc.MessageUtils_err_java.lang.String
java.lang.StringCoding_decode_byte_arr_int_int.meth,java.lang.Throwable_toString
java.lang.StringCoding_decode_byte_arr_int_int.meth,sun.misc.MessageUtils_err_java.lang.String
java.lang.StringCoding_decode_byte_arr_int_int.meth,java.lang.System_exit_int
java.lang.String_init_byte_arr_int_int_java.lang.String.meth,java.lang.NullPointerException_init_java.lang.String
java.util.Formatter_ensureOpen.meth,java.util.FormatterClosedException_init
java.util.Formatter_clinit.meth,java.util.regex.Pattern_compile_java.lang.String
java.util.Formatter_parse_java.lang.String.meth,java.util.regex.Pattern_matcher_java.lang.CharSequence
java.util.Formatter_parse_java.lang.String.meth,java.util.regex.Matcher_find_int
java.util.Formatter_parse_java.lang.String.meth,java.util.regex.Matcher_start
java.util.Formatter_parse_java.lang.String.meth,java.util.regex.Matcher_start
java.util.Formatter_checkText_java.lang.String_int_int.meth,java.util.UnknownFormatConversionException_init_java.lang.String
java.util.Formatter_parse_java.lang.String.meth,java.util.regex.Matcher_start
java.lang.String_substring_int_int.meth,java.lang.StringIndexOutOfBoundsException_init_int
java.lang.String_substring_int_int.meth,java.lang.StringIndexOutOfBoundsException_init_int
java.lang.String_substring_int_int.meth,java.lang.StringIndexOutOfBoundsException_init_int
java.util.Formatter$FormatSpecifier_init_java.util.Formatter_java.util.regex.Matcher.meth,java.util.regex.Matcher_group_int
java.lang.Integer_parseInt_java.lang.String_int.meth,java.lang.NumberFormatException_init_java.lang.String
java.lang.Integer_parseInt_java.lang.String_int.meth,java.lang.NumberFormatException_init_java.lang.String
java.lang.Integer_parseInt_java.lang.String_int.meth,java.lang.NumberFormatException_init_java.lang.String
java.lang.Integer_parseInt_java.lang.String_int.meth,java.lang.NumberFormatException_forInputString_java.lang.String
java.lang.Integer_parseInt_java.lang.String_int.meth,java.lang.NumberFormatException_forInputString_java.lang.String
java.lang.Integer_parseInt_java.lang.String_int.meth,java.lang.NumberFormatException_forInputString_java.lang.String
java.lang.Integer_parseInt_java.lang.String_int.meth,java.lang.NumberFormatException_forInputString_java.lang.String
java.lang.Integer_parseInt_java.lang.String_int.meth,java.lang.NumberFormatException_forInputString_java.lang.String
java.lang.Integer_parseInt_java.lang.String_int.meth,java.lang.NumberFormatException_forInputString_java.lang.String
java.util.Formatter$FormatSpecifier_init_java.util.Formatter_java.util.regex.Matcher.meth,java.util.regex.Matcher_group_int
java.lang.String_toCharArray.meth,java.lang.System_native_arraycopy_java.lang.Object_int_java.lang.Object_int_int
java.util.Formatter$Flags_parse_char.meth,java.util.UnknownFormatFlagsException_init_java.lang.String
java.util.Formatter$Flags_parse_java.lang.String.meth,java.util.DuplicateFormatFlagsException_init_java.lang.String
java.util.Formatter$FormatSpecifier_init_java.util.Formatter_java.util.regex.Matcher.meth,java.util.regex.Matcher_group_int
java.util.Formatter$FormatSpecifier_width_java.lang.String.meth,java.util.IllegalFormatWidthException_init_int
java.util.Formatter$FormatSpecifier_init_java.util.Formatter_java.util.regex.Matcher.meth,java.util.regex.Matcher_group_int
java.lang.String_substring_int.meth,java.lang.StringIndexOutOfBoundsException_init_int
java.lang.String_substring_int.meth,java.lang.StringIndexOutOfBoundsException_init_int
java.util.Formatter$FormatSpecifier_precision_java.lang.String.meth,java.util.IllegalFormatPrecisionException_init_int
java.util.Formatter$FormatSpecifier_init_java.util.Formatter_java.util.regex.Matcher.meth,java.util.regex.Matcher_group_int
java.util.Formatter$FormatSpecifier_init_java.util.Formatter_java.util.regex.Matcher.meth,java.util.regex.Matcher_group_int
java.util.Formatter$FormatSpecifier_conversion_java.lang.String.meth,java.util.UnknownFormatConversionException_init_java.lang.String
java.util.Formatter$FormatSpecifier_checkDateTime.meth,java.util.IllegalFormatPrecisionException_init_int
java.util.Formatter$FormatSpecifier_checkDateTime.meth,java.util.UnknownFormatConversionException_init_java.lang.String
java.util.Formatter$FormatSpecifier_failMismatch_java.util.Formatter$Flags_char.meth,java.util.FormatFlagsConversionMismatchException_init_java.lang.String_char
java.util.Formatter$FormatSpecifier_checkDateTime.meth,java.util.MissingFormatWidthException_init_java.lang.String
java.util.Formatter$FormatSpecifier_checkGeneral.meth,java.util.MissingFormatWidthException_init_java.lang.String
java.util.Formatter$FormatSpecifier_checkCharacter.meth,java.util.IllegalFormatPrecisionException_init_int
java.util.Formatter$FormatSpecifier_checkCharacter.meth,java.util.MissingFormatWidthException_init_java.lang.String
java.util.Formatter$FormatSpecifier_checkNumeric.meth,java.util.IllegalFormatWidthException_init_int
java.util.Formatter$FormatSpecifier_checkNumeric.meth,java.util.IllegalFormatPrecisionException_init_int
java.util.Formatter$FormatSpecifier_checkNumeric.meth,java.util.MissingFormatWidthException_init_java.lang.String
java.util.Formatter$FormatSpecifier_checkNumeric.meth,java.util.IllegalFormatFlagsException_init_java.lang.String
java.util.Formatter$FormatSpecifier_checkInteger.meth,java.util.IllegalFormatPrecisionException_init_int
java.util.Formatter$FormatSpecifier_checkText.meth,java.util.IllegalFormatPrecisionException_init_int
java.util.Formatter$FormatSpecifier_checkText.meth,java.util.IllegalFormatFlagsException_init_java.lang.String
java.util.Formatter$FormatSpecifier_checkText.meth,java.util.MissingFormatWidthException_init_java.lang.String
java.util.Formatter$FormatSpecifier_checkText.meth,java.util.IllegalFormatWidthException_init_int
java.util.Formatter$FormatSpecifier_checkText.meth,java.util.IllegalFormatFlagsException_init_java.lang.String
java.util.Formatter$FormatSpecifier_init_java.util.Formatter_java.util.regex.Matcher.meth,java.util.UnknownFormatConversionException_init_java.lang.String
java.util.Formatter_parse_java.lang.String.meth,java.util.regex.Matcher_end
java.lang.String_toUpperCase_java.util.Locale.meth,java.lang.NullPointerException_init
java.lang.String_codePointAt_int.meth,java.lang.StringIndexOutOfBoundsException_init_int
java.lang.String_toUpperCase_java.util.Locale.meth,java.lang.System_native_arraycopy_java.lang.Object_int_java.lang.Object_int_int
java.util.Locale_getLanguage.meth,sun.util.locale.BaseLocale_getLanguage
java.util.Collections$UnmodifiableCollection_init_java.util.Collection.meth,java.lang.NullPointerException_init
java.util.Collections$UnmodifiableMap_init_java.util.Map.meth,java.lang.NullPointerException_init
java.util.AbstractList_rangeCheckForAdd_int.meth,java.lang.IndexOutOfBoundsException_init_java.lang.String
java.util.WeakHashMap_expungeStaleEntries.meth,java.lang.ref.ReferenceQueue_poll
java.util.LinkedList_checkPositionIndex_int.meth,java.lang.IndexOutOfBoundsException_init_java.lang.String
java.util.Date_getMillisOf_java.util.Date.meth,sun.util.calendar.CalendarDate_isNormalized
java.util.Date_getMillisOf_java.util.Date.meth,sun.util.calendar.CalendarDate_clone
java.util.Date_getMillisOf_java.util.Date.meth,sun.util.calendar.AbstractCalendar_getTime_sun.util.calendar.CalendarDate
java.util.Date_clinit.meth,sun.util.calendar.CalendarSystem_getGregorianCalendar
java.util.Calendar_clone.meth,java.lang.Object_native_clone
java.util.TimeZone_clone.meth,java.lang.Object_native_clone
java.nio.file.attribute.FileTime_toInstant.meth,java.time.Instant_ofEpochSecond_long_long
java.nio.file.attribute.FileTime_compareTo_java.nio.file.attribute.FileTime.meth,java.time.Instant_getEpochSecond
java.nio.file.attribute.FileTime_compareTo_java.nio.file.attribute.FileTime.meth,java.time.Instant_getEpochSecond
java.nio.file.attribute.FileTime_compareTo_java.nio.file.attribute.FileTime.meth,java.time.Instant_getNano
java.nio.file.attribute.FileTime_compareTo_java.nio.file.attribute.FileTime.meth,java.time.Instant_getNano
java.nio.file.attribute.FileTime_toDays.meth,java.util.concurrent.TimeUnit_toDays_long
java.nio.file.attribute.FileTime_toDays.meth,java.time.Instant_getEpochSecond
java.nio.file.attribute.FileTime_toDays.meth,java.util.concurrent.TimeUnit_toDays_long
java.nio.file.attribute.FileTime_toExcessNanos_long.meth,java.util.concurrent.TimeUnit_convert_long_java.util.concurrent.TimeUnit
java.nio.file.attribute.FileTime_toExcessNanos_long.meth,java.util.concurrent.TimeUnit_toNanos_long
java.nio.file.attribute.FileTime_toExcessNanos_long.meth,java.time.Instant_getEpochSecond
java.nio.file.attribute.FileTime_toExcessNanos_long.meth,java.util.concurrent.TimeUnit_toSeconds_long
java.nio.file.attribute.FileTime_toExcessNanos_long.meth,java.util.concurrent.TimeUnit_toNanos_long
java.text.Collator_clinit.meth,java.util.concurrent.ConcurrentHashMap_init
java.util.Random$RandomIntsSpliterator_tryAdvance_java.util.function.IntConsumer.meth,java.lang.NullPointerException_init
java.util.Random_nextInt_int.meth,java.lang.IllegalArgumentException_init_java.lang.String
java.util.Random_next_int.meth,java.util.concurrent.atomic.AtomicLong_get
java.util.Random_next_int.meth,java.util.concurrent.atomic.AtomicLong_compareAndSet_long_long
java.util.Random$RandomIntsSpliterator_tryAdvance_java.util.function.IntConsumer.meth,java.util.function.IntConsumer_accept_int
java.util.Spliterators$IntIteratorSpliterator_tryAdvance_java.util.function.IntConsumer.meth,java.lang.NullPointerException_init
java.util.Random$RandomLongsSpliterator_tryAdvance_java.util.function.LongConsumer.meth,java.lang.NullPointerException_init
java.util.Random$RandomLongsSpliterator_tryAdvance_java.util.function.LongConsumer.meth,java.util.function.LongConsumer_accept_long
java.util.Spliterators$LongArraySpliterator_tryAdvance_java.util.function.LongConsumer.meth,java.lang.NullPointerException_init
java.util.Spliterators$LongArraySpliterator_tryAdvance_java.util.function.LongConsumer.meth,java.util.function.LongConsumer_accept_long
java.util.Spliterators$LongIteratorSpliterator_tryAdvance_java.util.function.LongConsumer.meth,java.lang.NullPointerException_init
java.util.Random$RandomDoublesSpliterator_tryAdvance_java.util.function.DoubleConsumer.meth,java.lang.NullPointerException_init
java.util.Random_internalNextDouble_double_double.meth,java.lang.Double_native_longBitsToDouble_long
java.util.Random$RandomDoublesSpliterator_tryAdvance_java.util.function.DoubleConsumer.meth,java.util.function.DoubleConsumer_accept_double
java.util.Spliterators$DoubleIteratorSpliterator_tryAdvance_java.util.function.DoubleConsumer.meth,java.lang.NullPointerException_init
java.util.ArrayList$ArrayListSpliterator_tryAdvance_java.util.function.Consumer.meth,java.lang.NullPointerException_init
java.util.ArrayList$ArrayListSpliterator_tryAdvance_java.util.function.Consumer.meth,java.util.function.Consumer_accept_java.lang.Object
java.util.ArrayList$ArrayListSpliterator_tryAdvance_java.util.function.Consumer.meth,java.util.ConcurrentModificationException_init
java.util.IdentityHashMap$ValueSpliterator_tryAdvance_java.util.function.Consumer.meth,java.lang.NullPointerException_init
java.util.IdentityHashMap$ValueSpliterator_tryAdvance_java.util.function.Consumer.meth,java.util.function.Consumer_accept_java.lang.Object
java.util.IdentityHashMap$ValueSpliterator_tryAdvance_java.util.function.Consumer.meth,java.util.ConcurrentModificationException_init
java.util.IdentityHashMap$EntrySpliterator_tryAdvance_java.util.function.Consumer.meth,java.lang.NullPointerException_init
java.util.IdentityHashMap$EntrySpliterator_tryAdvance_java.util.function.Consumer.meth,java.util.function.Consumer_accept_java.lang.Object
java.util.IdentityHashMap$EntrySpliterator_tryAdvance_java.util.function.Consumer.meth,java.util.ConcurrentModificationException_init
java.util.IdentityHashMap$KeySpliterator_tryAdvance_java.util.function.Consumer.meth,java.lang.NullPointerException_init
java.util.IdentityHashMap$KeySpliterator_tryAdvance_java.util.function.Consumer.meth,java.util.function.Consumer_accept_java.lang.Object
java.util.IdentityHashMap$KeySpliterator_tryAdvance_java.util.function.Consumer.meth,java.util.ConcurrentModificationException_init
java.util.Collections$2_tryAdvance_java.util.function.Consumer.meth,java.util.function.Consumer_accept_java.lang.Object
java.util.HashMap$EntrySpliterator_tryAdvance_java.util.function.Consumer.meth,java.lang.NullPointerException_init
java.util.HashMap$EntrySpliterator_tryAdvance_java.util.function.Consumer.meth,java.util.function.Consumer_accept_java.lang.Object
java.util.HashMap$EntrySpliterator_tryAdvance_java.util.function.Consumer.meth,java.util.ConcurrentModificationException_init
java.util.HashMap$ValueSpliterator_tryAdvance_java.util.function.Consumer.meth,java.lang.NullPointerException_init
java.util.HashMap$ValueSpliterator_tryAdvance_java.util.function.Consumer.meth,java.util.function.Consumer_accept_java.lang.Object
java.util.HashMap$ValueSpliterator_tryAdvance_java.util.function.Consumer.meth,java.util.ConcurrentModificationException_init
java.util.HashMap$KeySpliterator_tryAdvance_java.util.function.Consumer.meth,java.lang.NullPointerException_init
java.util.HashMap$KeySpliterator_tryAdvance_java.util.function.Consumer.meth,java.util.function.Consumer_accept_java.lang.Object
java.util.HashMap$KeySpliterator_tryAdvance_java.util.function.Consumer.meth,java.util.ConcurrentModificationException_init
java.util.Spliterators$ArraySpliterator_tryAdvance_java.util.function.Consumer.meth,java.lang.NullPointerException_init
java.util.Spliterators$ArraySpliterator_tryAdvance_java.util.function.Consumer.meth,java.util.function.Consumer_accept_java.lang.Object
java.util.Spliterators$IteratorSpliterator_tryAdvance_java.util.function.Consumer.meth,java.lang.NullPointerException_init
java.util.ArrayList$SubList_checkForComodification.meth,java.util.ConcurrentModificationException_init
java.util.SubList_checkForComodification.meth,java.util.ConcurrentModificationException_init
java.util.WeakHashMap$HashIterator_hasNext.meth,java.lang.ref.Reference_get
java.util.ServiceLoader$LazyIterator_hasNext.meth,java.security.AccessController_native_doPrivileged_java.security.PrivilegedAction_java.security.AccessControlContext
java.nio.file.FileTreeIterator_hasNext.meth,java.lang.IllegalStateException_init
java.util.Scanner_ensureOpen.meth,java.lang.IllegalStateException_init_java.lang.String
java.util.Scanner_hasTokenInBuffer.meth,java.util.regex.Matcher_usePattern_java.util.regex.Pattern
java.util.Scanner_hasTokenInBuffer.meth,java.util.regex.Matcher_region_int_int
java.util.Scanner_hasTokenInBuffer.meth,java.util.regex.Matcher_lookingAt
java.util.Scanner_hasTokenInBuffer.meth,java.util.regex.Matcher_end
java.nio.CharBuffer_allocate_int.meth,java.lang.IllegalArgumentException_init
java.nio.CharBuffer_put_java.nio.CharBuffer.meth,java.lang.IllegalArgumentException_init
java.nio.CharBuffer_put_java.nio.CharBuffer.meth,java.nio.ReadOnlyBufferException_init
java.nio.CharBuffer_put_java.nio.CharBuffer.meth,java.nio.BufferOverflowException_init
java.util.Scanner_makeSpace.meth,java.util.regex.Matcher_reset_java.lang.CharSequence
java.nio.CharBuffer_put_char_arr_int_int.meth,java.nio.BufferOverflowException_init
java.util.ArrayList$SubList$1_checkForComodification.meth,java.util.ConcurrentModificationException_init
java.util.ArrayList$SubList$1_next.meth,java.util.NoSuchElementException_init
java.util.ArrayList$SubList$1_next.meth,java.util.ConcurrentModificationException_init
java.util.LinkedList$ListItr_checkForComodification.meth,java.util.ConcurrentModificationException_init
java.util.LinkedList$ListItr_next.meth,java.util.NoSuchElementException_init
java.util.SubList$1_next.meth,java.util.NoSuchElementException_init
java.util.ArrayList$Itr_checkForComodification.meth,java.util.ConcurrentModificationException_init
java.util.ArrayList$Itr_next.meth,java.util.NoSuchElementException_init
java.util.ArrayList$Itr_next.meth,java.util.ConcurrentModificationException_init
java.util.IdentityHashMap$IdentityHashMapIterator_nextIndex.meth,java.util.ConcurrentModificationException_init
java.util.IdentityHashMap$IdentityHashMapIterator_nextIndex.meth,java.util.NoSuchElementException_init
java.util.Collections$1_next.meth,java.util.NoSuchElementException_init
java.util.Collections$EmptyIterator_next.meth,java.util.NoSuchElementException_init
java.util.LinkedHashMap$LinkedHashIterator_nextNode.meth,java.util.ConcurrentModificationException_init
java.util.LinkedHashMap$LinkedHashIterator_nextNode.meth,java.util.NoSuchElementException_init
java.util.HashMap$HashIterator_nextNode.meth,java.util.ConcurrentModificationException_init
java.util.HashMap$HashIterator_nextNode.meth,java.util.NoSuchElementException_init
java.util.AbstractList$Itr_checkForComodification.meth,java.util.ConcurrentModificationException_init
java.util.AbstractList$Itr_next.meth,java.util.NoSuchElementException_init
java.util.Spliterators$1Adapter_next.meth,java.util.NoSuchElementException_init
java.util.Hashtable$Enumerator_next.meth,java.util.ConcurrentModificationException_init
java.util.Hashtable$Enumerator_nextElement.meth,java.util.NoSuchElementException_init_java.lang.String
java.util.WeakHashMap$HashIterator_nextEntry.meth,java.util.ConcurrentModificationException_init
java.util.WeakHashMap$HashIterator_nextEntry.meth,java.util.NoSuchElementException_init
java.util.WeakHashMap$Entry_getKey.meth,java.lang.ref.Reference_get
java.util.ServiceLoader$LazyIterator_next.meth,java.security.AccessController_native_doPrivileged_java.security.PrivilegedAction_java.security.AccessControlContext
java.util.LinkedList$ListItr_previous.meth,java.util.NoSuchElementException_init
java.util.TreeMap$PrivateEntryIterator_nextEntry.meth,java.util.NoSuchElementException_init
java.util.TreeMap$PrivateEntryIterator_nextEntry.meth,java.util.ConcurrentModificationException_init
java.util.TreeMap$PrivateEntryIterator_prevEntry.meth,java.util.NoSuchElementException_init
java.util.TreeMap$PrivateEntryIterator_prevEntry.meth,java.util.ConcurrentModificationException_init
java.util.TreeMap$NavigableSubMap$SubMapIterator_nextEntry.meth,java.util.NoSuchElementException_init
java.util.TreeMap$NavigableSubMap$SubMapIterator_nextEntry.meth,java.util.ConcurrentModificationException_init
java.util.TreeMap$NavigableSubMap$SubMapIterator_prevEntry.meth,java.util.NoSuchElementException_init
java.util.TreeMap$NavigableSubMap$SubMapIterator_prevEntry.meth,java.util.ConcurrentModificationException_init
java.util.EnumMap$ValueIterator_next.meth,java.util.NoSuchElementException_init
java.util.ArrayDeque$DescendingIterator_next.meth,java.util.NoSuchElementException_init
java.util.ArrayDeque$DescendingIterator_next.meth,java.util.ConcurrentModificationException_init
java.util.ArrayDeque$DeqIterator_next.meth,java.util.NoSuchElementException_init
java.util.ArrayDeque$DeqIterator_next.meth,java.util.ConcurrentModificationException_init
java.util.IdentityHashMap$EntryIterator$Entry_checkIndexForEntryUse.meth,java.lang.IllegalStateException_init_java.lang.String
java.util.EnumMap$EntryIterator$Entry_checkIndexForEntryUse.meth,java.lang.IllegalStateException_init_java.lang.String
java.nio.file.DirectoryIteratorException_getCause.meth,java.lang.Throwable_getCause
java.util.Arrays_rangeCheck_int_int_int.meth,java.lang.IllegalArgumentException_init_java.lang.String
java.util.Arrays_rangeCheck_int_int_int.meth,java.lang.ArrayIndexOutOfBoundsException_init_int
java.util.Arrays_rangeCheck_int_int_int.meth,java.lang.ArrayIndexOutOfBoundsException_init_int
java.io.ObjectOutputStream_clinit.meth,sun.security.action.GetBooleanAction_init_java.lang.String
java.io.ObjectOutputStream_clinit.meth,java.security.AccessController_native_doPrivileged_java.security.PrivilegedAction
java.io.FilterOutputStream_close.meth,java.lang.Throwable_addSuppressed_java.lang.Throwable
java.io.FilterOutputStream_close.meth,java.lang.Throwable_addSuppressed_java.lang.Throwable
java.io.OutputStreamWriter_close.meth,sun.nio.cs.StreamEncoder_close
java.io.InputStreamReader_close.meth,sun.nio.cs.StreamDecoder_close
java.io.FileOutputStream_access$000_java.io.FileOutputStream.meth,java.io.FileOutputStream_native_close0
java.io.FileOutputStream_clinit.meth,java.io.FileOutputStream_native_initIDs
java.io.FileInputStream_access$000_java.io.FileInputStream.meth,java.io.FileInputStream_native_close0
java.io.FileInputStream_clinit.meth,java.io.FileInputStream_native_initIDs
java.nio.channels.spi.AbstractSelector_close.meth,java.util.concurrent.atomic.AtomicBoolean_getAndSet_boolean
java.util.ArrayDeque_removeFirst.meth,java.util.NoSuchElementException_init
java.nio.file.FileTreeWalker_next.meth,java.lang.Throwable_addSuppressed_java.lang.Throwable
java.nio.file.FileTreeWalker_visit_java.nio.file.Path_boolean_boolean.meth,java.nio.file.FileSystemLoopException_init_java.lang.String
java.util.ArrayDeque_addFirst_java.lang.Object.meth,java.lang.NullPointerException_init
java.util.ArrayDeque_doubleCapacity.meth,java.lang.IllegalStateException_init_java.lang.String
java.util.ArrayDeque_doubleCapacity.meth,java.lang.System_native_arraycopy_java.lang.Object_int_java.lang.Object_int_int
java.util.ArrayDeque_doubleCapacity.meth,java.lang.System_native_arraycopy_java.lang.Object_int_java.lang.Object_int_int
java.nio.file.FileTreeIterator_fetchNextIfNeeded.meth,java.io.UncheckedIOException_init_java.io.IOException
java.nio.file.Files$2_hasNext.meth,java.io.UncheckedIOException_init_java.io.IOException
java.util.Spliterators$IteratorSpliterator_tryAdvance_java.util.function.Consumer.meth,java.util.function.Consumer_accept_java.lang.Object
java.util.Vector$VectorSpliterator_tryAdvance_java.util.function.Consumer.meth,java.lang.NullPointerException_init
java.util.Vector$VectorSpliterator_tryAdvance_java.util.function.Consumer.meth,java.util.function.Consumer_accept_java.lang.Object
java.util.Vector$VectorSpliterator_tryAdvance_java.util.function.Consumer.meth,java.util.ConcurrentModificationException_init
java.util.WeakHashMap$KeySpliterator_tryAdvance_java.util.function.Consumer.meth,java.lang.NullPointerException_init
java.util.WeakHashMap$KeySpliterator_tryAdvance_java.util.function.Consumer.meth,java.lang.ref.Reference_get
java.util.WeakHashMap$KeySpliterator_tryAdvance_java.util.function.Consumer.meth,java.util.function.Consumer_accept_java.lang.Object
java.util.WeakHashMap$KeySpliterator_tryAdvance_java.util.function.Consumer.meth,java.util.ConcurrentModificationException_init
java.util.WeakHashMap$EntrySpliterator_tryAdvance_java.util.function.Consumer.meth,java.lang.NullPointerException_init
java.util.WeakHashMap$EntrySpliterator_tryAdvance_java.util.function.Consumer.meth,java.lang.ref.Reference_get
java.util.WeakHashMap$EntrySpliterator_tryAdvance_java.util.function.Consumer.meth,java.util.function.Consumer_accept_java.lang.Object
java.util.WeakHashMap$EntrySpliterator_tryAdvance_java.util.function.Consumer.meth,java.util.ConcurrentModificationException_init
java.util.WeakHashMap$ValueSpliterator_tryAdvance_java.util.function.Consumer.meth,java.lang.NullPointerException_init
java.util.WeakHashMap$ValueSpliterator_tryAdvance_java.util.function.Consumer.meth,java.lang.ref.Reference_get
java.util.WeakHashMap$ValueSpliterator_tryAdvance_java.util.function.Consumer.meth,java.util.function.Consumer_accept_java.lang.Object
java.util.WeakHashMap$ValueSpliterator_tryAdvance_java.util.function.Consumer.meth,java.util.ConcurrentModificationException_init
java.util.LinkedList$LLSpliterator_tryAdvance_java.util.function.Consumer.meth,java.lang.NullPointerException_init
java.util.LinkedList$LLSpliterator_tryAdvance_java.util.function.Consumer.meth,java.util.function.Consumer_accept_java.lang.Object
java.util.LinkedList$LLSpliterator_tryAdvance_java.util.function.Consumer.meth,java.util.ConcurrentModificationException_init
java.util.TreeMap$EntrySpliterator_tryAdvance_java.util.function.Consumer.meth,java.lang.NullPointerException_init
java.util.TreeMap$EntrySpliterator_tryAdvance_java.util.function.Consumer.meth,java.util.function.Consumer_accept_java.lang.Object
java.util.TreeMap$EntrySpliterator_tryAdvance_java.util.function.Consumer.meth,java.util.ConcurrentModificationException_init
java.util.TreeMap$KeySpliterator_tryAdvance_java.util.function.Consumer.meth,java.lang.NullPointerException_init
java.util.TreeMap$KeySpliterator_tryAdvance_java.util.function.Consumer.meth,java.util.function.Consumer_accept_java.lang.Object
java.util.TreeMap$KeySpliterator_tryAdvance_java.util.function.Consumer.meth,java.util.ConcurrentModificationException_init
java.util.TreeMap$ValueSpliterator_tryAdvance_java.util.function.Consumer.meth,java.lang.NullPointerException_init
java.util.TreeMap$ValueSpliterator_tryAdvance_java.util.function.Consumer.meth,java.util.function.Consumer_accept_java.lang.Object
java.util.TreeMap$ValueSpliterator_tryAdvance_java.util.function.Consumer.meth,java.util.ConcurrentModificationException_init
java.util.TreeMap$DescendingKeySpliterator_tryAdvance_java.util.function.Consumer.meth,java.lang.NullPointerException_init
java.util.TreeMap$DescendingKeySpliterator_tryAdvance_java.util.function.Consumer.meth,java.util.function.Consumer_accept_java.lang.Object
java.util.TreeMap$DescendingKeySpliterator_tryAdvance_java.util.function.Consumer.meth,java.util.ConcurrentModificationException_init
java.util.TreeMap$NavigableSubMap$SubMapKeyIterator_tryAdvance_java.util.function.Consumer.meth,java.util.function.Consumer_accept_java.lang.Object
java.util.TreeMap$NavigableSubMap$DescendingSubMapKeyIterator_tryAdvance_java.util.function.Consumer.meth,java.util.function.Consumer_accept_java.lang.Object
java.util.ArrayDeque$DeqSpliterator_tryAdvance_java.util.function.Consumer.meth,java.lang.NullPointerException_init
java.util.ArrayDeque$DeqSpliterator_tryAdvance_java.util.function.Consumer.meth,java.util.ConcurrentModificationException_init
java.util.ArrayDeque$DeqSpliterator_tryAdvance_java.util.function.Consumer.meth,java.util.function.Consumer_accept_java.lang.Object
java.nio.charset.Charset$1_getNext.meth,java.lang.Throwable_getCause
java.util.Spliterators$4Adapter_nextDouble.meth,java.util.NoSuchElementException_init
java.util.Spliterators$DoubleIteratorSpliterator_tryAdvance_java.util.function.DoubleConsumer.meth,java.util.function.DoubleConsumer_accept_double
java.util.Spliterators$DoubleArraySpliterator_tryAdvance_java.util.function.DoubleConsumer.meth,java.lang.NullPointerException_init
java.util.Spliterators$DoubleArraySpliterator_tryAdvance_java.util.function.DoubleConsumer.meth,java.util.function.DoubleConsumer_accept_double
java.util.Spliterators$3Adapter_nextLong.meth,java.util.NoSuchElementException_init
java.util.Spliterators$LongIteratorSpliterator_tryAdvance_java.util.function.LongConsumer.meth,java.util.function.LongConsumer_accept_long
java.lang.CharSequence$1CodePointIterator_nextInt.meth,java.util.NoSuchElementException_init
java.lang.AbstractStringBuilder_charAt_int.meth,java.lang.StringIndexOutOfBoundsException_init_int
java.lang.StringBuffer_charAt_int.meth,java.lang.StringIndexOutOfBoundsException_init_int
java.nio.Buffer_checkIndex_int_int.meth,java.lang.IndexOutOfBoundsException_init
java.lang.CharSequence$1CharIterator_nextInt.meth,java.util.NoSuchElementException_init
java.util.BitSet_nextSetBit_int.meth,java.lang.IndexOutOfBoundsException_init_java.lang.String
java.util.BitSet$1BitSetIterator_nextInt.meth,java.util.NoSuchElementException_init
java.util.Spliterators$2Adapter_nextInt.meth,java.util.NoSuchElementException_init
java.util.Spliterators$IntIteratorSpliterator_tryAdvance_java.util.function.IntConsumer.meth,java.util.function.IntConsumer_accept_int
java.util.Spliterators$IntArraySpliterator_tryAdvance_java.util.function.IntConsumer.meth,java.lang.NullPointerException_init
java.util.Spliterators$IntArraySpliterator_tryAdvance_java.util.function.IntConsumer.meth,java.util.function.IntConsumer_accept_int
java.nio.CharBufferSpliterator_tryAdvance_java.util.function.IntConsumer.meth,java.lang.NullPointerException_init
java.nio.CharBufferSpliterator_tryAdvance_java.util.function.IntConsumer.meth,java.util.function.IntConsumer_accept_int
java.text.BreakIterator_getBreakInstance_java.util.Locale_int.meth,java.lang.ref.SoftReference_get
java.util.Locale_equals_java.lang.Object.meth,sun.util.locale.BaseLocale_equals_java.lang.Object
java.util.Locale_equals_java.lang.Object.meth,sun.util.locale.LocaleExtensions_equals_java.lang.Object
java.text.BreakIterator_clone.meth,java.lang.Object_native_clone
java.text.BreakIterator_createBreakInstance_java.util.Locale_int.meth,sun.util.locale.provider.LocaleProviderAdapter_getAdapter_java.lang.Class_java.util.Locale
java.text.BreakIterator_createBreakInstance_sun.util.locale.provider.LocaleProviderAdapter_java.util.Locale_int.meth,sun.util.locale.provider.LocaleProviderAdapter_getBreakIteratorProvider
java.text.BreakIterator_createBreakInstance_java.util.Locale_int.meth,sun.util.locale.provider.LocaleProviderAdapter_forJRE
java.text.BreakIterator_getBreakInstance_java.util.Locale_int.meth,java.lang.ref.SoftReference_init_java.lang.Object
java.text.StringCharacterIterator_init_java.lang.String_int_int_int.meth,java.lang.NullPointerException_init
java.text.StringCharacterIterator_init_java.lang.String_int_int_int.meth,java.lang.IllegalArgumentException_init_java.lang.String
java.text.StringCharacterIterator_init_java.lang.String_int_int_int.meth,java.lang.IllegalArgumentException_init_java.lang.String
java.text.BreakIterator_isBoundary_int.meth,java.lang.IllegalArgumentException_init
java.lang.String_codePointBefore_int.meth,java.lang.StringIndexOutOfBoundsException_init_int
java.util.Hashtable_init_int_float.meth,java.lang.IllegalArgumentException_init_java.lang.String
java.lang.AbstractStringBuilder_append_float.meth,sun.misc.FloatingDecimal_appendTo_float_java.lang.Appendable
java.util.Hashtable_init_int_float.meth,java.lang.IllegalArgumentException_init_java.lang.String
java.lang.Math_min_float_float.meth,java.lang.Float_native_floatToRawIntBits_float
java.util.HashMap_hash_java.lang.Object.meth,java.lang.Object_native_hashCode
java.lang.ConditionalSpecialCasing_isAfterSoftDotted_java.lang.String_int.meth,sun.text.Normalizer_getCombiningClass_int
java.lang.ConditionalSpecialCasing_isMoreAbove_java.lang.String_int.meth,sun.text.Normalizer_getCombiningClass_int
java.lang.ConditionalSpecialCasing_isAfterI_java.lang.String_int.meth,sun.text.Normalizer_getCombiningClass_int
java.lang.ConditionalSpecialCasing_isBeforeDot_java.lang.String_int.meth,sun.text.Normalizer_getCombiningClass_int
java.lang.Character_toChars_int_char_arr_int.meth,java.lang.IllegalArgumentException_init
java.lang.Character_toChars_int.meth,java.lang.IllegalArgumentException_init
java.lang.String_toUpperCase_java.util.Locale.meth,java.lang.System_native_arraycopy_java.lang.Object_int_java.lang.Object_int_int
java.util.Calendar_createCalendar_java.util.TimeZone_java.util.Locale.meth,sun.util.locale.provider.LocaleProviderAdapter_getAdapter_java.lang.Class_java.util.Locale
java.util.Calendar_createCalendar_java.util.TimeZone_java.util.Locale.meth,sun.util.locale.provider.LocaleProviderAdapter_getCalendarProvider
java.util.Calendar_createCalendar_java.util.TimeZone_java.util.Locale.meth,sun.util.spi.CalendarProvider_getInstance_java.util.TimeZone_java.util.Locale
java.util.Locale_isUnicodeExtensionKey_java.lang.String.meth,sun.util.locale.LocaleUtils_isAlphaNumericString_java.lang.String
java.util.Locale_getUnicodeLocaleType_java.lang.String.meth,java.lang.IllegalArgumentException_init_java.lang.String
java.util.Locale_getUnicodeLocaleType_java.lang.String.meth,sun.util.locale.LocaleExtensions_getUnicodeLocaleType_java.lang.String
java.util.Calendar_createCalendar_java.util.TimeZone_java.util.Locale.meth,sun.util.BuddhistCalendar_init_java.util.TimeZone_java.util.Locale
java.util.TreeMap_getEntry_java.lang.Object.meth,java.lang.NullPointerException_init
java.util.IdentityHashMap_hash_java.lang.Object_int.meth,java.lang.System_native_identityHashCode_java.lang.Object
java.util.WeakHashMap_hash_java.lang.Object.meth,java.lang.Object_native_hashCode
java.util.WeakHashMap_expungeStaleEntries.meth,java.lang.ref.ReferenceQueue_poll
java.util.WeakHashMap_get_java.lang.Object.meth,java.lang.ref.Reference_get
java.security.Provider_checkInitialized.meth,java.lang.IllegalStateException_init
java.security.Provider_clinit.meth,sun.security.util.Debug_getInstance_java.lang.String_java.lang.String
java.security.Provider$ServiceKey_init_java.lang.String_java.lang.String_boolean.meth,java.lang.String_native_intern
java.lang.String_toLowerCase_java.util.Locale.meth,java.lang.NullPointerException_init
java.lang.String_toLowerCase_java.util.Locale.meth,java.lang.System_native_arraycopy_java.lang.Object_int_java.lang.Object_int_int
java.lang.String_toLowerCase_java.util.Locale.meth,java.lang.System_native_arraycopy_java.lang.Object_int_java.lang.Object_int_int
java.util.TreeMap_put_java.lang.Object_java.lang.Object.meth,java.lang.NullPointerException_init
java.util.TreeMap$NavigableSubMap_put_java.lang.Object_java.lang.Object.meth,java.lang.IllegalArgumentException_init_java.lang.String
java.util.IdentityHashMap_resize_int.meth,java.lang.IllegalStateException_init_java.lang.String
java.util.WeakHashMap_put_java.lang.Object_java.lang.Object.meth,java.lang.ref.Reference_get
java.util.WeakHashMap$Entry_init_java.lang.Object_java.lang.Object_java.lang.ref.ReferenceQueue_int_java.util.WeakHashMap$Entry.meth,java.lang.ref.WeakReference_init_java.lang.Object_java.lang.ref.ReferenceQueue
java.util.WeakHashMap_transfer_java.util.WeakHashMap$Entry_arr_java.util.WeakHashMap$Entry_arr.meth,java.lang.ref.Reference_get
java.util.WeakHashMap_expungeStaleEntries.meth,java.lang.ref.ReferenceQueue_poll
java.util.AbstractMap_put_java.lang.Object_java.lang.Object.meth,java.lang.UnsupportedOperationException_init
java.security.Provider_check_java.lang.String.meth,java.lang.System_getSecurityManager
java.security.Provider_put_java.lang.Object_java.lang.Object.meth,sun.security.util.Debug_println_java.lang.String
java.util.Hashtable_put_java.lang.Object_java.lang.Object.meth,java.lang.NullPointerException_init
java.util.Hashtable_put_java.lang.Object_java.lang.Object.meth,java.lang.Object_native_hashCode
java.util.Hashtable_addEntry_int_java.lang.Object_java.lang.Object_int.meth,java.lang.Object_native_hashCode
java.util.Collections$UnmodifiableMap_put_java.lang.Object_java.lang.Object.meth,java.lang.UnsupportedOperationException_init
java.util.Hashtable_get_java.lang.Object.meth,java.lang.Object_native_hashCode
java.util.Calendar_setWeekCountData_java.util.Locale.meth,sun.util.locale.provider.CalendarDataUtility_retrieveFirstDayOfWeek_java.util.Locale
java.util.Calendar_setWeekCountData_java.util.Locale.meth,sun.util.locale.provider.CalendarDataUtility_retrieveMinimalDaysInFirstWeek_java.util.Locale
java.util.Calendar_setWeekCountData_java.util.Locale.meth,java.util.concurrent.ConcurrentMap_putIfAbsent_java.lang.Object_java.lang.Object
java.util.JapaneseImperialCalendar_init_java.util.TimeZone_java.util.Locale.meth,sun.util.calendar.LocalGregorianCalendar_newCalendarDate_java.util.TimeZone
java.util.JapaneseImperialCalendar_init_java.util.TimeZone_java.util.Locale.meth,java.lang.System_native_currentTimeMillis
java.util.Calendar_setTimeInMillis_long.meth,sun.util.calendar.ZoneInfo_isDirty
java.util.GregorianCalendar_init_java.util.TimeZone_java.util.Locale.meth,sun.util.calendar.Gregorian_newCalendarDate_java.util.TimeZone
java.util.GregorianCalendar_init_java.util.TimeZone_java.util.Locale.meth,java.lang.System_native_currentTimeMillis
java.util.Locale_getCountry.meth,sun.util.locale.BaseLocale_getRegion
java.util.Calendar_createCalendar_java.util.TimeZone_java.util.Locale.meth,sun.util.BuddhistCalendar_init_java.util.TimeZone_java.util.Locale
java.util.Locale_getVariant.meth,sun.util.locale.BaseLocale_getVariant
java.util.Date_getTimeImpl.meth,sun.util.calendar.CalendarDate_isNormalized
java.util.Date_normalize.meth,sun.util.calendar.AbstractCalendar_getCalendarDate_long_java.util.TimeZone
java.util.Date_normalize.meth,sun.util.calendar.CalendarDate_isNormalized
java.util.Date_normalize_sun.util.calendar.BaseCalendar$Date.meth,sun.util.calendar.BaseCalendar$Date_getNormalizedYear
java.util.Date_normalize_sun.util.calendar.BaseCalendar$Date.meth,sun.util.calendar.CalendarDate_getMonth
java.util.Date_normalize_sun.util.calendar.BaseCalendar$Date.meth,sun.util.calendar.CalendarDate_getDayOfMonth
java.util.Date_normalize_sun.util.calendar.BaseCalendar$Date.meth,sun.util.calendar.CalendarDate_getHours
java.util.Date_normalize_sun.util.calendar.BaseCalendar$Date.meth,sun.util.calendar.CalendarDate_getMinutes
java.util.Date_normalize_sun.util.calendar.BaseCalendar$Date.meth,sun.util.calendar.CalendarDate_getSeconds
java.util.Date_normalize_sun.util.calendar.BaseCalendar$Date.meth,sun.util.calendar.CalendarDate_getMillis
java.util.Date_normalize_sun.util.calendar.BaseCalendar$Date.meth,sun.util.calendar.CalendarDate_getZone
java.util.Date_normalize_sun.util.calendar.BaseCalendar$Date.meth,sun.util.calendar.AbstractCalendar_getCalendarDate_long_java.util.TimeZone
java.util.Date_getCalendarSystem_sun.util.calendar.BaseCalendar$Date.meth,sun.util.calendar.CalendarDate_getEra
java.util.Date_normalize_sun.util.calendar.BaseCalendar$Date.meth,sun.util.calendar.CalendarSystem_newCalendarDate_java.util.TimeZone
java.util.Date_normalize_sun.util.calendar.BaseCalendar$Date.meth,sun.util.calendar.BaseCalendar$Date_setNormalizedDate_int_int_int
java.util.Date_normalize_sun.util.calendar.BaseCalendar$Date.meth,sun.util.calendar.CalendarDate_setTimeOfDay_int_int_int_int
java.util.Date_normalize_sun.util.calendar.BaseCalendar$Date.meth,sun.util.calendar.AbstractCalendar_getTime_sun.util.calendar.CalendarDate
java.util.Date_normalize_sun.util.calendar.BaseCalendar$Date.meth,sun.util.calendar.CalendarSystem_newCalendarDate_java.util.TimeZone
java.util.Date_normalize_sun.util.calendar.BaseCalendar$Date.meth,sun.util.calendar.BaseCalendar$Date_setNormalizedDate_int_int_int
java.util.Date_normalize_sun.util.calendar.BaseCalendar$Date.meth,sun.util.calendar.CalendarDate_setTimeOfDay_int_int_int_int
java.util.Date_normalize_sun.util.calendar.BaseCalendar$Date.meth,sun.util.calendar.AbstractCalendar_getTime_sun.util.calendar.CalendarDate
java.util.Date_normalize.meth,sun.util.calendar.CalendarDate_getZone
java.util.Date_normalize.meth,sun.util.calendar.CalendarDate_setZone_java.util.TimeZone
java.util.Date_normalize.meth,sun.util.calendar.CalendarSystem_getCalendarDate_long_sun.util.calendar.CalendarDate
java.text.DecimalFormatSymbols_getInstance_java.util.Locale.meth,sun.util.locale.provider.LocaleProviderAdapter_getAdapter_java.lang.Class_java.util.Locale
java.text.DecimalFormatSymbols_getInstance_java.util.Locale.meth,sun.util.locale.provider.LocaleProviderAdapter_getDecimalFormatSymbolsProvider
java.text.DecimalFormatSymbols_getInstance_java.util.Locale.meth,sun.util.locale.provider.LocaleProviderAdapter_forJRE
java.text.DecimalFormatSymbols_getInstance_java.util.Locale.meth,sun.util.locale.provider.LocaleProviderAdapter_getDecimalFormatSymbolsProvider
java.text.NumberFormat_getInstance_java.util.Locale_int.meth,sun.util.locale.provider.LocaleProviderAdapter_getAdapter_java.lang.Class_java.util.Locale
java.text.NumberFormat_getInstance_sun.util.locale.provider.LocaleProviderAdapter_java.util.Locale_int.meth,sun.util.locale.provider.LocaleProviderAdapter_getNumberFormatProvider
java.text.NumberFormat_getInstance_java.util.Locale_int.meth,sun.util.locale.provider.LocaleProviderAdapter_forJRE
java.lang.AbstractStringBuilder_insert_int_char_arr.meth,java.lang.StringIndexOutOfBoundsException_init_int
java.lang.AbstractStringBuilder_insert_int_char_arr.meth,java.lang.System_native_arraycopy_java.lang.Object_int_java.lang.Object_int_int
java.lang.AbstractStringBuilder_insert_int_char_arr.meth,java.lang.System_native_arraycopy_java.lang.Object_int_java.lang.Object_int_int
java.text.DateFormatSymbols_getProviderInstance_java.util.Locale.meth,sun.util.locale.provider.LocaleProviderAdapter_getAdapter_java.lang.Class_java.util.Locale
java.text.DateFormatSymbols_getProviderInstance_java.util.Locale.meth,sun.util.locale.provider.LocaleProviderAdapter_getDateFormatSymbolsProvider
java.text.DateFormatSymbols_getProviderInstance_java.util.Locale.meth,sun.util.locale.provider.LocaleProviderAdapter_forJRE
java.text.DateFormatSymbols_getProviderInstance_java.util.Locale.meth,sun.util.locale.provider.LocaleProviderAdapter_getDateFormatSymbolsProvider
java.text.DateFormatSymbols_clinit.meth,java.util.concurrent.ConcurrentHashMap_init_int
java.text.DateFormatSymbols_getInstance_java.util.Locale.meth,java.lang.RuntimeException_init_java.lang.String
java.util.TimeZone_getDisplayName_boolean_int_java.util.Locale.meth,java.lang.IllegalArgumentException_init_java.lang.String
java.util.TimeZone_getDisplayName_boolean_int_java.util.Locale.meth,sun.util.locale.provider.TimeZoneNameUtility_retrieveDisplayName_java.lang.String_boolean_int_java.util.Locale
java.util.TimeZone_getDisplayName_boolean_int_java.util.Locale.meth,sun.util.calendar.ZoneInfoFile_toCustomID_int
java.util.Formatter$FormatSpecifier_print_java.math.BigInteger_java.util.Locale.meth,java.math.BigInteger_signum
java.util.Formatter$FormatSpecifier_print_java.math.BigInteger_java.util.Locale.meth,java.math.BigInteger_abs
java.util.Formatter$FormatSpecifier_print_java.math.BigInteger_java.util.Locale.meth,java.math.BigInteger_toString
java.util.Formatter$FormatSpecifier_print_java.math.BigInteger_java.util.Locale.meth,java.math.BigInteger_toString_int
java.util.Formatter$FormatSpecifier_print_java.math.BigInteger_java.util.Locale.meth,java.math.BigInteger_toString_int
java.util.Formatter$FormatSpecifier_print_java.math.BigInteger_java.util.Locale.meth,java.math.BigInteger_signum
java.util.Formatter$FormatSpecifier_print_java.lang.StringBuilder_double_java.util.Locale_java.util.Formatter$Flags_char_int_boolean.meth,sun.misc.FormattedFloatingDecimal_valueOf_double_int_sun.misc.FormattedFloatingDecimal$Form
java.util.Formatter$FormatSpecifier_print_java.lang.StringBuilder_double_java.util.Locale_java.util.Formatter$Flags_char_int_boolean.meth,sun.misc.FormattedFloatingDecimal_getMantissa
java.util.Formatter$FormatSpecifier_addZeros_char_arr_int.meth,java.lang.System_native_arraycopy_java.lang.Object_int_java.lang.Object_int_int
java.util.Formatter$FormatSpecifier_addDot_char_arr.meth,java.lang.System_native_arraycopy_java.lang.Object_int_java.lang.Object_int_int
java.util.Formatter$FormatSpecifier_print_java.lang.StringBuilder_double_java.util.Locale_java.util.Formatter$Flags_char_int_boolean.meth,sun.misc.FormattedFloatingDecimal_getExponent
java.util.Formatter$FormatSpecifier_print_java.lang.StringBuilder_double_java.util.Locale_java.util.Formatter$Flags_char_int_boolean.meth,java.lang.System_native_arraycopy_java.lang.Object_int_java.lang.Object_int_int
java.util.Formatter$FormatSpecifier_print_java.lang.StringBuilder_double_java.util.Locale_java.util.Formatter$Flags_char_int_boolean.meth,sun.misc.FormattedFloatingDecimal_valueOf_double_int_sun.misc.FormattedFloatingDecimal$Form
java.util.Formatter$FormatSpecifier_print_java.lang.StringBuilder_double_java.util.Locale_java.util.Formatter$Flags_char_int_boolean.meth,sun.misc.FormattedFloatingDecimal_getMantissa
java.util.Formatter$FormatSpecifier_print_java.lang.StringBuilder_double_java.util.Locale_java.util.Formatter$Flags_char_int_boolean.meth,sun.misc.FormattedFloatingDecimal_valueOf_double_int_sun.misc.FormattedFloatingDecimal$Form
java.util.Formatter$FormatSpecifier_print_java.lang.StringBuilder_double_java.util.Locale_java.util.Formatter$Flags_char_int_boolean.meth,sun.misc.FormattedFloatingDecimal_getExponent
java.util.Formatter$FormatSpecifier_print_java.lang.StringBuilder_double_java.util.Locale_java.util.Formatter$Flags_char_int_boolean.meth,sun.misc.FormattedFloatingDecimal_getMantissa
java.util.Formatter$FormatSpecifier_print_java.lang.StringBuilder_double_java.util.Locale_java.util.Formatter$Flags_char_int_boolean.meth,sun.misc.FormattedFloatingDecimal_getExponentRounded
java.util.Formatter$FormatSpecifier_print_java.lang.StringBuilder_double_java.util.Locale_java.util.Formatter$Flags_char_int_boolean.meth,java.lang.System_native_arraycopy_java.lang.Object_int_java.lang.Object_int_int
java.lang.Double_toString_double.meth,sun.misc.FloatingDecimal_toJavaFormatString_double
java.lang.Math_copySign_double_double.meth,java.lang.Double_native_doubleToRawLongBits_double
java.lang.Math_copySign_double_double.meth,java.lang.Double_native_doubleToRawLongBits_double
java.lang.Math_copySign_double_double.meth,java.lang.Double_native_longBitsToDouble_long
java.lang.String_replaceFirst_java.lang.String_java.lang.String.meth,java.util.regex.Pattern_compile_java.lang.String
java.lang.String_replaceFirst_java.lang.String_java.lang.String.meth,java.util.regex.Pattern_matcher_java.lang.CharSequence
java.lang.String_replaceFirst_java.lang.String_java.lang.String.meth,java.util.regex.Matcher_replaceFirst_java.lang.String
java.lang.Math_getExponent_double.meth,java.lang.Double_native_doubleToRawLongBits_double
java.lang.Math_powerOfTwoD_int.meth,java.lang.Double_native_longBitsToDouble_long
java.util.Formatter$FormatSpecifier_hexDouble_double_int.meth,java.lang.Double_native_longBitsToDouble_long
java.lang.AbstractStringBuilder_append_char_arr.meth,java.lang.System_native_arraycopy_java.lang.Object_int_java.lang.Object_int_int
java.util.Formatter$FormatSpecifier_print_java.math.BigDecimal_java.util.Locale.meth,java.math.BigDecimal_signum
java.util.Formatter$FormatSpecifier_print_java.math.BigDecimal_java.util.Locale.meth,java.math.BigDecimal_abs
java.util.Formatter$FormatSpecifier_print_java.lang.StringBuilder_java.math.BigDecimal_java.util.Locale_java.util.Formatter$Flags_char_int_boolean.meth,java.math.BigDecimal_scale
java.util.Formatter$FormatSpecifier_print_java.lang.StringBuilder_java.math.BigDecimal_java.util.Locale_java.util.Formatter$Flags_char_int_boolean.meth,java.math.BigDecimal_precision
java.math.MathContext_init_int_java.math.RoundingMode.meth,java.lang.IllegalArgumentException_init_java.lang.String
java.math.MathContext_init_int_java.math.RoundingMode.meth,java.lang.NullPointerException_init_java.lang.String
java.util.Formatter$FormatSpecifier_print_java.lang.StringBuilder_java.math.BigDecimal_java.util.Locale_java.util.Formatter$Flags_char_int_boolean.meth,java.math.BigDecimal_unscaledValue
java.util.Formatter$FormatSpecifier_print_java.lang.StringBuilder_java.math.BigDecimal_java.util.Locale_java.util.Formatter$Flags_char_int_boolean.meth,java.math.BigDecimal_init_java.math.BigInteger_int_java.math.MathContext
java.util.Formatter$FormatSpecifier_print_java.lang.StringBuilder_java.math.BigDecimal_java.util.Locale_java.util.Formatter$Flags_char_int_boolean.meth,java.math.BigDecimal_unscaledValue
java.util.Formatter$FormatSpecifier_print_java.lang.StringBuilder_java.math.BigDecimal_java.util.Locale_java.util.Formatter$Flags_char_int_boolean.meth,java.math.BigDecimal_scale
java.util.Formatter$FormatSpecifier$BigDecimalLayout_layout_java.math.BigInteger_int_java.util.Formatter$BigDecimalLayoutForm.meth,java.math.BigInteger_toString
java.lang.AbstractStringBuilder_append_char_arr_int_int.meth,java.lang.System_native_arraycopy_java.lang.Object_int_java.lang.Object_int_int
java.lang.AbstractStringBuilder_getChars_int_int_char_arr_int.meth,java.lang.StringIndexOutOfBoundsException_init_int
java.lang.AbstractStringBuilder_getChars_int_int_char_arr_int.meth,java.lang.StringIndexOutOfBoundsException_init_int
java.lang.AbstractStringBuilder_getChars_int_int_char_arr_int.meth,java.lang.StringIndexOutOfBoundsException_init_java.lang.String
java.lang.AbstractStringBuilder_getChars_int_int_char_arr_int.meth,java.lang.System_native_arraycopy_java.lang.Object_int_java.lang.Object_int_int
java.util.Formatter$FormatSpecifier_trailingZeros_char_arr_int.meth,java.lang.System_native_arraycopy_java.lang.Object_int_java.lang.Object_int_int
java.util.Formatter$FormatSpecifier_print_java.lang.StringBuilder_java.math.BigDecimal_java.util.Locale_java.util.Formatter$Flags_char_int_boolean.meth,java.lang.System_native_arraycopy_java.lang.Object_int_java.lang.Object_int_int
java.util.Formatter$FormatSpecifier_print_java.lang.StringBuilder_java.math.BigDecimal_java.util.Locale_java.util.Formatter$Flags_char_int_boolean.meth,java.math.BigDecimal_scale
java.util.Formatter$FormatSpecifier_print_java.lang.StringBuilder_java.math.BigDecimal_java.util.Locale_java.util.Formatter$Flags_char_int_boolean.meth,java.math.BigDecimal_precision
java.util.Formatter$FormatSpecifier_print_java.lang.StringBuilder_java.math.BigDecimal_java.util.Locale_java.util.Formatter$Flags_char_int_boolean.meth,java.math.BigDecimal_setScale_int_java.math.RoundingMode
java.util.Formatter$FormatSpecifier_print_java.lang.StringBuilder_java.math.BigDecimal_java.util.Locale_java.util.Formatter$Flags_char_int_boolean.meth,java.math.BigDecimal_unscaledValue
java.util.Formatter$FormatSpecifier_print_java.lang.StringBuilder_java.math.BigDecimal_java.util.Locale_java.util.Formatter$Flags_char_int_boolean.meth,java.math.BigDecimal_init_java.math.BigInteger_int_java.math.MathContext
java.util.Formatter$FormatSpecifier_print_java.lang.StringBuilder_java.math.BigDecimal_java.util.Locale_java.util.Formatter$Flags_char_int_boolean.meth,java.math.BigDecimal_unscaledValue
java.util.Formatter$FormatSpecifier_print_java.lang.StringBuilder_java.math.BigDecimal_java.util.Locale_java.util.Formatter$Flags_char_int_boolean.meth,java.math.BigDecimal_scale
java.util.Formatter$FormatSpecifier_print_java.lang.StringBuilder_java.math.BigDecimal_java.util.Locale_java.util.Formatter$Flags_char_int_boolean.meth,java.math.BigDecimal_valueOf_long_int
java.util.Formatter$FormatSpecifier_print_java.lang.StringBuilder_java.math.BigDecimal_java.util.Locale_java.util.Formatter$Flags_char_int_boolean.meth,java.math.BigDecimal_valueOf_long_int
java.util.Formatter$FormatSpecifier_print_java.lang.StringBuilder_java.math.BigDecimal_java.util.Locale_java.util.Formatter$Flags_char_int_boolean.meth,java.math.BigDecimal_equals_java.lang.Object
java.util.Formatter$FormatSpecifier_print_java.lang.StringBuilder_java.math.BigDecimal_java.util.Locale_java.util.Formatter$Flags_char_int_boolean.meth,java.math.BigDecimal_compareTo_java.math.BigDecimal
java.util.Formatter$FormatSpecifier_print_java.lang.StringBuilder_java.math.BigDecimal_java.util.Locale_java.util.Formatter$Flags_char_int_boolean.meth,java.math.BigDecimal_compareTo_java.math.BigDecimal
java.util.Formatter$FormatSpecifier_print_java.lang.StringBuilder_java.math.BigDecimal_java.util.Locale_java.util.Formatter$Flags_char_int_boolean.meth,java.math.BigDecimal_scale
java.util.Formatter$FormatSpecifier_print_java.lang.StringBuilder_java.math.BigDecimal_java.util.Locale_java.util.Formatter$Flags_char_int_boolean.meth,java.math.BigDecimal_unscaledValue
java.util.Formatter$FormatSpecifier_print_java.lang.StringBuilder_java.math.BigDecimal_java.util.Locale_java.util.Formatter$Flags_char_int_boolean.meth,java.math.BigInteger_toString
java.util.Formatter$FormatSpecifier_printCharacter_java.lang.Object.meth,java.util.IllegalFormatCodePointException_init_int
java.util.Formatter$FormatSpecifier_printCharacter_java.lang.Object.meth,java.util.IllegalFormatCodePointException_init_int
java.util.Formatter$FormatSpecifier_printCharacter_java.lang.Object.meth,java.util.IllegalFormatCodePointException_init_int
java.util.Formatter$FormatSpecifier_printHashCode_java.lang.Object.meth,java.lang.Object_native_hashCode
java.util.Formatter$FormatSpecifier_print_java.lang.Object_java.util.Locale.meth,java.lang.System_lineSeparator
java.util.Formatter_format_java.util.Locale_java.lang.String_java.lang.Object_arr.meth,java.util.MissingFormatArgumentException_init_java.lang.String
java.util.Formatter_format_java.util.Locale_java.lang.String_java.lang.Object_arr.meth,java.util.MissingFormatArgumentException_init_java.lang.String
java.util.Formatter_format_java.util.Locale_java.lang.String_java.lang.Object_arr.meth,java.util.MissingFormatArgumentException_init_java.lang.String
java.io.Console_readline_boolean.meth,java.lang.System_native_arraycopy_java.lang.Object_int_java.lang.Object_int_int
java.io.Console_grow.meth,java.lang.Thread_native_holdsLock_java.lang.Object
java.io.Console_grow.meth,java.lang.System_native_arraycopy_java.lang.Object_int_java.lang.Object_int_int
java.io.Console_init.meth,java.io.Console_native_encoding
java.io.FileOutputStream_init_java.io.FileDescriptor.meth,java.lang.System_getSecurityManager
java.io.FileOutputStream_init_java.io.FileDescriptor.meth,java.lang.NullPointerException_init
java.lang.SecurityManager_checkWrite_java.io.FileDescriptor.meth,java.lang.NullPointerException_init_java.lang.String
java.lang.SecurityManager_checkWrite_java.io.FileDescriptor.meth,java.lang.RuntimePermission_init_java.lang.String
java.io.Console_init.meth,sun.nio.cs.StreamEncoder_forOutputStreamWriter_java.io.OutputStream_java.lang.Object_java.nio.charset.Charset
java.io.PrintWriter_init_java.io.Writer_boolean.meth,sun.security.action.GetPropertyAction_init_java.lang.String
java.io.PrintWriter_init_java.io.Writer_boolean.meth,java.security.AccessController_native_doPrivileged_java.security.PrivilegedAction
java.io.FileInputStream_init_java.io.FileDescriptor.meth,java.lang.System_getSecurityManager
java.io.FileInputStream_init_java.io.FileDescriptor.meth,java.lang.NullPointerException_init
java.lang.SecurityManager_checkRead_java.io.FileDescriptor.meth,java.lang.NullPointerException_init_java.lang.String
java.lang.SecurityManager_checkRead_java.io.FileDescriptor.meth,java.lang.RuntimePermission_init_java.lang.String
java.io.Console_init.meth,sun.nio.cs.StreamDecoder_forInputStreamReader_java.io.InputStream_java.lang.Object_java.nio.charset.Charset
java.io.Console_access$400_boolean.meth,java.io.Console_native_echo_boolean
java.io.Console_access$500.meth,java.io.Console_native_istty
java.io.Console$LineReader_read_char_arr_int_int.meth,java.lang.IndexOutOfBoundsException_init
java.io.DataInputStream_readFully_byte_arr_int_int.meth,java.lang.IndexOutOfBoundsException_init
java.io.DataInputStream_readFully_byte_arr_int_int.meth,java.io.EOFException_init
java.io.DataInputStream_readBoolean.meth,java.io.EOFException_init
java.io.DataInputStream_readByte.meth,java.io.EOFException_init
java.io.DataInputStream_readUnsignedByte.meth,java.io.EOFException_init
java.io.DataInputStream_readShort.meth,java.io.EOFException_init
java.io.DataInputStream_readUnsignedShort.meth,java.io.EOFException_init
java.io.DataInputStream_readChar.meth,java.io.EOFException_init
java.io.DataInputStream_readInt.meth,java.io.EOFException_init
java.io.DataInputStream_readFloat.meth,java.lang.Float_native_intBitsToFloat_int
java.io.DataInputStream_readDouble.meth,java.lang.Double_native_longBitsToDouble_long
java.io.PushbackInputStream_init_java.io.InputStream_int.meth,java.lang.IllegalArgumentException_init_java.lang.String
java.io.PushbackInputStream_ensureOpen.meth,java.io.IOException_init_java.lang.String
java.io.PushbackInputStream_unread_int.meth,java.io.IOException_init_java.lang.String
java.io.DataInputStream_readLine.meth,java.lang.System_native_arraycopy_java.lang.Object_int_java.lang.Object_int_int
java.io.ObjectInputStream$BlockDataInputStream_readUnsignedShort.meth,java.io.ObjectInputStream$PeekInputStream_readFully_byte_arr_int_int
java.io.ObjectInputStream_readFully_byte_arr_int_int.meth,java.lang.IndexOutOfBoundsException_init
java.io.ObjectInputStream$BlockDataInputStream_refill.meth,java.io.StreamCorruptedException_init_java.lang.String
java.io.ObjectInputStream$BlockDataInputStream_readBlockHeader_boolean.meth,java.io.ObjectInputStream$PeekInputStream_readFully_byte_arr_int_int
java.io.ObjectInputStream$BlockDataInputStream_readBlockHeader_boolean.meth,java.io.ObjectInputStream$PeekInputStream_readFully_byte_arr_int_int
java.io.ObjectInputStream$BlockDataInputStream_readBlockHeader_boolean.meth,java.io.StreamCorruptedException_init_java.lang.String
java.io.ObjectInputStream_handleReset.meth,java.io.StreamCorruptedException_init_java.lang.String
java.io.ObjectInputStream$BlockDataInputStream_readBlockHeader_boolean.meth,java.io.StreamCorruptedException_init_java.lang.String
java.io.ObjectInputStream$BlockDataInputStream_readBlockHeader_boolean.meth,java.io.StreamCorruptedException_init_java.lang.String
java.io.ObjectInputStream$BlockDataInputStream_read_byte_arr_int_int_boolean.meth,java.lang.System_native_arraycopy_java.lang.Object_int_java.lang.Object_int_int
java.io.ObjectInputStream$BlockDataInputStream_read_byte_arr_int_int_boolean.meth,java.lang.System_native_arraycopy_java.lang.Object_int_java.lang.Object_int_int
java.io.ObjectInputStream$BlockDataInputStream_readFully_byte_arr_int_int_boolean.meth,java.io.EOFException_init
java.io.DataInputStream_readUTF_java.io.DataInput.meth,java.io.UTFDataFormatException_init_java.lang.String
java.io.DataInputStream_readUTF_java.io.DataInput.meth,java.io.UTFDataFormatException_init_java.lang.String
java.io.DataInputStream_readUTF_java.io.DataInput.meth,java.io.UTFDataFormatException_init_java.lang.String
java.io.DataInputStream_readUTF_java.io.DataInput.meth,java.io.UTFDataFormatException_init_java.lang.String
java.io.DataInputStream_readUTF_java.io.DataInput.meth,java.io.UTFDataFormatException_init_java.lang.String
java.io.DataOutputStream_writeUTF_java.lang.String_java.io.DataOutput.meth,java.io.UTFDataFormatException_init_java.lang.String
java.io.ObjectOutputStream_write_byte_arr_int_int.meth,java.lang.NullPointerException_init
java.io.ObjectOutputStream_write_byte_arr_int_int.meth,java.lang.IndexOutOfBoundsException_init
java.io.ObjectOutputStream$BlockDataOutputStream_write_byte_arr_int_int_boolean.meth,java.lang.System_native_arraycopy_java.lang.Object_int_java.lang.Object_int_int
java.util.HashMap_init_int_float.meth,java.lang.IllegalArgumentException_init_java.lang.String
java.util.HashMap_init_int_float.meth,java.lang.IllegalArgumentException_init_java.lang.String
java.io.DeleteOnExitHook_clinit.meth,sun.misc.SharedSecrets_getJavaLangAccess
java.io.DeleteOnExitHook_clinit.meth,sun.misc.JavaLangAccess_registerShutdownHook_int_boolean_java.lang.Runnable
java.io.DeleteOnExitHook_add_java.lang.String.meth,java.lang.IllegalStateException_init_java.lang.String
java.io.ExpiringCache_entryFor_java.lang.String.meth,java.lang.System_native_currentTimeMillis
java.util.WeakHashMap_remove_java.lang.Object.meth,java.lang.ref.Reference_get
java.util.ArrayList$SubList$1_remove.meth,java.lang.IllegalStateException_init
java.util.ArrayList$SubList_rangeCheck_int.meth,java.lang.IndexOutOfBoundsException_init_java.lang.String
java.util.AbstractList_remove_int.meth,java.lang.UnsupportedOperationException_init
java.util.ArrayList$SubList$1_remove.meth,java.util.ConcurrentModificationException_init
java.util.Collections$UnmodifiableList$1_remove.meth,java.lang.UnsupportedOperationException_init
java.util.LinkedList$ListItr_remove.meth,java.lang.IllegalStateException_init
java.util.ArrayList$Itr_remove.meth,java.lang.IllegalStateException_init
java.util.ArrayList_rangeCheck_int.meth,java.lang.IndexOutOfBoundsException_init_java.lang.String
java.util.ArrayList_remove_int.meth,java.lang.System_native_arraycopy_java.lang.Object_int_java.lang.Object_int_int
java.util.ArrayList$Itr_remove.meth,java.util.ConcurrentModificationException_init
java.util.IdentityHashMap$IdentityHashMapIterator_remove.meth,java.lang.IllegalStateException_init
java.util.IdentityHashMap$IdentityHashMapIterator_remove.meth,java.util.ConcurrentModificationException_init
java.util.IdentityHashMap$IdentityHashMapIterator_remove.meth,java.lang.System_native_arraycopy_java.lang.Object_int_java.lang.Object_int_int
java.util.Collections$1_remove.meth,java.lang.UnsupportedOperationException_init
java.util.Collections$EmptyIterator_remove.meth,java.lang.IllegalStateException_init
java.nio.charset.Charset$1_remove.meth,java.lang.UnsupportedOperationException_init
java.util.AbstractList$Itr_remove.meth,java.lang.IllegalStateException_init
java.util.AbstractList$Itr_remove.meth,java.util.ConcurrentModificationException_init
java.util.Vector$Itr_remove.meth,java.lang.IllegalStateException_init
java.util.Hashtable$Enumerator_remove.meth,java.lang.UnsupportedOperationException_init
java.util.Hashtable$Enumerator_remove.meth,java.lang.IllegalStateException_init_java.lang.String
java.util.Hashtable$Enumerator_remove.meth,java.util.ConcurrentModificationException_init
java.util.Vector$Itr_remove.meth,java.lang.IllegalStateException_init
java.util.Hashtable$Enumerator_remove.meth,java.lang.UnsupportedOperationException_init
java.util.Hashtable$Enumerator_remove.meth,java.lang.IllegalStateException_init_java.lang.String
java.util.Hashtable$Enumerator_remove.meth,java.util.ConcurrentModificationException_init
java.util.Collections$UnmodifiableCollection$1_remove.meth,java.lang.UnsupportedOperationException_init
java.util.WeakHashMap$HashIterator_remove.meth,java.lang.IllegalStateException_init
java.util.WeakHashMap$HashIterator_remove.meth,java.util.ConcurrentModificationException_init
java.util.ServiceLoader$LazyIterator_remove.meth,java.lang.UnsupportedOperationException_init
java.util.ServiceLoader$1_remove.meth,java.lang.UnsupportedOperationException_init
java.util.Vector$Itr_remove.meth,java.lang.IllegalStateException_init
java.util.Hashtable$Enumerator_remove.meth,java.lang.UnsupportedOperationException_init
java.util.Hashtable$Enumerator_remove.meth,java.lang.IllegalStateException_init_java.lang.String
java.util.Hashtable$Enumerator_remove.meth,java.util.ConcurrentModificationException_init
java.util.Vector$Itr_remove.meth,java.lang.IllegalStateException_init
java.util.Hashtable$Enumerator_remove.meth,java.lang.UnsupportedOperationException_init
java.util.Hashtable$Enumerator_remove.meth,java.lang.IllegalStateException_init_java.lang.String
java.util.Hashtable$Enumerator_remove.meth,java.util.ConcurrentModificationException_init
java.util.TreeMap$DescendingKeyIterator_remove.meth,java.lang.IllegalStateException_init
java.util.TreeMap$DescendingKeyIterator_remove.meth,java.util.ConcurrentModificationException_init
java.util.TreeMap$PrivateEntryIterator_remove.meth,java.lang.IllegalStateException_init
java.util.TreeMap$PrivateEntryIterator_remove.meth,java.util.ConcurrentModificationException_init
java.util.Collections$UnmodifiableMap$UnmodifiableEntrySet$1_remove.meth,java.lang.UnsupportedOperationException_init
java.util.Vector$Itr_remove.meth,java.lang.IllegalStateException_init
java.util.Hashtable$Enumerator_remove.meth,java.lang.UnsupportedOperationException_init
java.util.Hashtable$Enumerator_remove.meth,java.lang.IllegalStateException_init_java.lang.String
java.util.Hashtable$Enumerator_remove.meth,java.util.ConcurrentModificationException_init
javax.security.auth.Subject$SecureSet$1_remove.meth,sun.security.util.ResourcesMgr_getString_java.lang.String
javax.security.auth.Subject$SecureSet$1_remove.meth,java.lang.IllegalStateException_init_java.lang.String
javax.security.auth.Subject$SecureSet$1_remove.meth,java.lang.System_getSecurityManager
java.util.TreeMap$NavigableSubMap$SubMapIterator_removeAscending.meth,java.lang.IllegalStateException_init
java.util.TreeMap$NavigableSubMap$SubMapIterator_removeAscending.meth,java.util.ConcurrentModificationException_init
java.util.TreeMap$NavigableSubMap$SubMapIterator_removeDescending.meth,java.lang.IllegalStateException_init
java.util.TreeMap$NavigableSubMap$SubMapIterator_removeDescending.meth,java.util.ConcurrentModificationException_init
java.util.RegularEnumSet$EnumSetIterator_remove.meth,java.lang.IllegalStateException_init
java.util.JumboEnumSet$EnumSetIterator_remove.meth,java.lang.IllegalStateException_init
java.util.EnumMap$EnumMapIterator_checkLastReturnedIndex.meth,java.lang.IllegalStateException_init
java.util.ArrayDeque$DescendingIterator_remove.meth,java.lang.IllegalStateException_init
java.util.ArrayDeque_delete_int.meth,java.util.ConcurrentModificationException_init
java.util.ArrayDeque_delete_int.meth,java.lang.System_native_arraycopy_java.lang.Object_int_java.lang.Object_int_int
java.util.ArrayDeque_delete_int.meth,java.lang.System_native_arraycopy_java.lang.Object_int_java.lang.Object_int_int
java.util.ArrayDeque_delete_int.meth,java.lang.System_native_arraycopy_java.lang.Object_int_java.lang.Object_int_int
java.util.ArrayDeque_delete_int.meth,java.lang.System_native_arraycopy_java.lang.Object_int_java.lang.Object_int_int
java.util.ArrayDeque_delete_int.meth,java.lang.System_native_arraycopy_java.lang.Object_int_java.lang.Object_int_int
java.util.ArrayDeque_delete_int.meth,java.lang.System_native_arraycopy_java.lang.Object_int_java.lang.Object_int_int
java.util.ArrayDeque$DeqIterator_remove.meth,java.lang.IllegalStateException_init
java.util.Scanner_remove.meth,java.lang.UnsupportedOperationException_init
java.security.Provider_remove_java.lang.Object.meth,sun.security.util.Debug_println_java.lang.String
java.util.Hashtable_remove_java.lang.Object.meth,java.lang.Object_native_hashCode
java.util.Collections$UnmodifiableMap_remove_java.lang.Object.meth,java.lang.UnsupportedOperationException_init
java.io.ExpiringCache_put_java.lang.String_java.lang.String.meth,java.lang.System_native_currentTimeMillis
java.io.ExpiringCache_put_java.lang.String_java.lang.String.meth,java.lang.System_native_currentTimeMillis
java.util.WeakHashMap_clear.meth,java.lang.ref.ReferenceQueue_poll
java.util.WeakHashMap_clear.meth,java.lang.ref.ReferenceQueue_poll
java.security.Provider_clear.meth,sun.security.util.Debug_println_java.lang.String
java.util.Collections$UnmodifiableMap_clear.meth,java.lang.UnsupportedOperationException_init
javax.security.auth.Subject$SecureSet_clear.meth,java.security.AccessController_native_doPrivileged_java.security.PrivilegedAction
java.util.Vector$Itr_remove.meth,java.lang.IllegalStateException_init
java.util.Hashtable$Enumerator_remove.meth,java.lang.UnsupportedOperationException_init
java.util.Hashtable$Enumerator_remove.meth,java.lang.IllegalStateException_init_java.lang.String
java.util.Hashtable$Enumerator_remove.meth,java.util.ConcurrentModificationException_init
java.io.File_init_java.lang.String.meth,java.lang.NullPointerException_init
java.io.File_init_java.lang.String_java.lang.String.meth,java.lang.NullPointerException_init
java.io.File_init_java.io.File_java.lang.String.meth,java.lang.NullPointerException_init
java.io.File_init_java.net.URI.meth,java.net.URI_isAbsolute
java.io.File_init_java.net.URI.meth,java.lang.IllegalArgumentException_init_java.lang.String
java.io.File_init_java.net.URI.meth,java.net.URI_isOpaque
java.io.File_init_java.net.URI.meth,java.lang.IllegalArgumentException_init_java.lang.String
java.io.File_init_java.net.URI.meth,java.net.URI_getScheme
java.io.File_init_java.net.URI.meth,java.lang.IllegalArgumentException_init_java.lang.String
java.io.File_init_java.net.URI.meth,java.net.URI_getAuthority
java.io.File_init_java.net.URI.meth,java.lang.IllegalArgumentException_init_java.lang.String
java.io.File_init_java.net.URI.meth,java.net.URI_getFragment
java.io.File_init_java.net.URI.meth,java.lang.IllegalArgumentException_init_java.lang.String
java.io.File_init_java.net.URI.meth,java.net.URI_getQuery
java.io.File_init_java.net.URI.meth,java.lang.IllegalArgumentException_init_java.lang.String
java.io.File_init_java.net.URI.meth,java.net.URI_getPath
java.io.File_init_java.net.URI.meth,java.lang.IllegalArgumentException_init_java.lang.String
java.io.File_getCanonicalPath.meth,java.io.IOException_init_java.lang.String
java.io.File_toURL.meth,java.net.MalformedURLException_init_java.lang.String
java.io.File_isDirectory.meth,java.lang.System_getSecurityManager
java.io.FilePermission_getMask_java.lang.String.meth,java.lang.IllegalArgumentException_init_java.lang.String
java.io.FilePermission_getMask_java.lang.String.meth,java.lang.IllegalArgumentException_init_java.lang.String
java.io.FilePermission_init_int.meth,java.lang.IllegalArgumentException_init_java.lang.String
java.io.FilePermission_init_int.meth,java.lang.IllegalArgumentException_init_java.lang.String
java.io.FilePermission_init_int.meth,java.lang.NullPointerException_init_java.lang.String
java.io.FilePermission_init_int.meth,java.security.AccessController_native_doPrivileged_java.security.PrivilegedAction
java.io.File_toURL.meth,java.net.URL_init_java.lang.String_java.lang.String_java.lang.String
java.io.File_toURI.meth,java.net.URI_init_java.lang.String_java.lang.String_java.lang.String_java.lang.String
java.io.File_canRead.meth,java.lang.System_getSecurityManager
java.io.File_canWrite.meth,java.lang.System_getSecurityManager
java.io.File_exists.meth,java.lang.System_getSecurityManager
java.io.File_isFile.meth,java.lang.System_getSecurityManager
java.io.File_isHidden.meth,java.lang.System_getSecurityManager
java.io.File_lastModified.meth,java.lang.System_getSecurityManager
java.io.File_length.meth,java.lang.System_getSecurityManager
java.io.File_createNewFile.meth,java.lang.System_getSecurityManager
java.io.File_createNewFile.meth,java.io.IOException_init_java.lang.String
java.io.File_delete.meth,java.lang.System_getSecurityManager
java.io.File_deleteOnExit.meth,java.lang.System_getSecurityManager
java.util.AbstractList_add_int_java.lang.Object.meth,java.lang.UnsupportedOperationException_init
java.io.File_mkdir.meth,java.lang.System_getSecurityManager
java.io.File_renameTo_java.io.File.meth,java.lang.System_getSecurityManager
java.io.File_renameTo_java.io.File.meth,java.lang.NullPointerException_init
java.io.File_setLastModified_long.meth,java.lang.IllegalArgumentException_init_java.lang.String
java.io.File_setLastModified_long.meth,java.lang.System_getSecurityManager
java.io.File_setReadOnly.meth,java.lang.System_getSecurityManager
java.io.File_setWritable_boolean_boolean.meth,java.lang.System_getSecurityManager
java.io.File_setReadable_boolean_boolean.meth,java.lang.System_getSecurityManager
java.io.File_setExecutable_boolean_boolean.meth,java.lang.System_getSecurityManager
java.io.File_canExecute.meth,java.lang.System_getSecurityManager
java.io.File_getTotalSpace.meth,java.lang.System_getSecurityManager
java.io.File_getTotalSpace.meth,java.lang.RuntimePermission_init_java.lang.String
java.io.File_getFreeSpace.meth,java.lang.System_getSecurityManager
java.io.File_getFreeSpace.meth,java.lang.RuntimePermission_init_java.lang.String
java.io.File_getUsableSpace.meth,java.lang.System_getSecurityManager
java.io.File_getUsableSpace.meth,java.lang.RuntimePermission_init_java.lang.String
java.io.File_createTempFile_java.lang.String_java.lang.String_java.io.File.meth,java.lang.IllegalArgumentException_init_java.lang.String
java.io.File$TempDirectory_clinit.meth,sun.security.action.GetPropertyAction_init_java.lang.String
java.io.File$TempDirectory_clinit.meth,java.security.AccessController_native_doPrivileged_java.security.PrivilegedAction
java.security.SecureRandom_clinit.meth,sun.security.util.Debug_getInstance_java.lang.String_java.lang.String
java.security.SecureRandom_clinit.meth,sun.security.util.Debug_isOn_java.lang.String
java.security.SecureRandom_clinit.meth,sun.security.util.Debug_isOn_java.lang.String
java.io.File_createTempFile_java.lang.String_java.lang.String_java.io.File.meth,java.lang.System_getSecurityManager
java.io.File$TempDirectory_generateFile_java.lang.String_java.lang.String_java.io.File.meth,java.lang.System_getSecurityManager
java.io.File$TempDirectory_generateFile_java.lang.String_java.lang.String_java.io.File.meth,java.io.IOException_init_java.lang.String
java.io.File$TempDirectory_generateFile_java.lang.String_java.lang.String_java.io.File.meth,java.io.IOException_init_java.lang.String
java.io.File_createTempFile_java.lang.String_java.lang.String_java.io.File.meth,java.lang.SecurityException_init_java.lang.String
java.io.File_createTempFile_java.lang.String_java.lang.String_java.io.File.meth,java.io.IOException_init_java.lang.String
java.io.ObjectOutputStream_defaultWriteObject.meth,java.io.NotActiveException_init_java.lang.String
java.io.ObjectInputStream_readFields.meth,java.io.NotActiveException_init_java.lang.String
java.io.ObjectInputStream$BlockDataInputStream_setBlockDataMode_boolean.meth,java.lang.IllegalStateException_init_java.lang.String
java.io.ObjectStreamClass_getFields_boolean.meth,java.lang.Object_native_clone
java.io.ObjectInputStream$BlockDataInputStream_readChar.meth,java.io.ObjectInputStream$PeekInputStream_readFully_byte_arr_int_int
java.io.File_readObject_java.io.ObjectInputStream.meth,sun.misc.Unsafe_native_putObject_java.lang.Object_long_java.lang.Object
java.io.File_readObject_java.io.ObjectInputStream.meth,sun.misc.Unsafe_native_putIntVolatile_java.lang.Object_long_int
java.io.File$PathStatus_values.meth,java.lang.Object_native_clone
java.io.FileInputStream_init_java.io.File.meth,java.lang.System_getSecurityManager
java.io.FileInputStream_init_java.io.File.meth,java.lang.NullPointerException_init
java.io.FileInputStream_init_java.io.File.meth,java.io.FileNotFoundException_init_java.lang.String
java.io.FileDescriptor_clinit.meth,java.io.FileDescriptor_native_initIDs
java.io.FileDescriptor_clinit.meth,sun.misc.SharedSecrets_setJavaIOFileDescriptorAccess_sun.misc.JavaIOFileDescriptorAccess
java.io.FileInputStream_open_java.lang.String.meth,java.io.FileInputStream_native_open0_java.lang.String
java.io.FileInputStream_read.meth,java.io.FileInputStream_native_read0
java.io.FileInputStream_read_byte_arr.meth,java.io.FileInputStream_native_readBytes_byte_arr_int_int
java.io.FileInputStream_read_byte_arr_int_int.meth,java.io.FileInputStream_native_readBytes_byte_arr_int_int
java.io.FileInputStream_skip_long.meth,java.io.FileInputStream_native_skip0_long
java.io.FileInputStream_available.meth,java.io.FileInputStream_native_available0
java.io.FileInputStream_getFD.meth,java.io.IOException_init
java.io.FileOutputStream_init_java.io.File_boolean.meth,java.lang.System_getSecurityManager
java.io.FileOutputStream_init_java.io.File_boolean.meth,java.lang.NullPointerException_init
java.io.FileOutputStream_init_java.io.File_boolean.meth,java.io.FileNotFoundException_init_java.lang.String
java.io.FileOutputStream_open_java.lang.String_boolean.meth,java.io.FileOutputStream_native_open0_java.lang.String_boolean
java.io.FileOutputStream_write_int.meth,java.io.FileOutputStream_native_write_int_boolean
java.io.FileOutputStream_write_byte_arr.meth,java.io.FileOutputStream_native_writeBytes_byte_arr_int_int_boolean
java.io.FileOutputStream_write_byte_arr_int_int.meth,java.io.FileOutputStream_native_writeBytes_byte_arr_int_int_boolean
java.io.FileOutputStream_getFD.meth,java.io.IOException_init
java.io.InputStreamReader_init_java.io.InputStream.meth,sun.nio.cs.StreamDecoder_forInputStreamReader_java.io.InputStream_java.lang.Object_java.lang.String
java.io.FileSystem_getBooleanProperty_java.lang.String_boolean.meth,java.lang.System_getProperty_java.lang.String
java.io.OutputStreamWriter_init_java.io.OutputStream.meth,sun.nio.cs.StreamEncoder_forOutputStreamWriter_java.io.OutputStream_java.lang.Object_java.lang.String
java.io.FilterOutputStream_write_byte_arr_int_int.meth,java.lang.IndexOutOfBoundsException_init
java.io.InputStream_reset.meth,java.io.IOException_init_java.lang.String
java.io.InputStreamReader_init_java.io.InputStream_java.lang.String.meth,java.lang.NullPointerException_init_java.lang.String
java.io.InputStreamReader_init_java.io.InputStream_java.lang.String.meth,sun.nio.cs.StreamDecoder_forInputStreamReader_java.io.InputStream_java.lang.Object_java.lang.String
java.io.InputStreamReader_init_java.io.InputStream_java.nio.charset.Charset.meth,java.lang.NullPointerException_init_java.lang.String
java.io.InputStreamReader_init_java.io.InputStream_java.nio.charset.Charset.meth,sun.nio.cs.StreamDecoder_forInputStreamReader_java.io.InputStream_java.lang.Object_java.nio.charset.Charset
java.io.InputStreamReader_init_java.io.InputStream_java.nio.charset.CharsetDecoder.meth,java.lang.NullPointerException_init_java.lang.String
java.io.InputStreamReader_init_java.io.InputStream_java.nio.charset.CharsetDecoder.meth,sun.nio.cs.StreamDecoder_forInputStreamReader_java.io.InputStream_java.lang.Object_java.nio.charset.CharsetDecoder
java.io.InputStreamReader_getEncoding.meth,sun.nio.cs.StreamDecoder_getEncoding
java.io.InputStreamReader_read.meth,sun.nio.cs.StreamDecoder_read
java.io.InputStreamReader_read_char_arr_int_int.meth,sun.nio.cs.StreamDecoder_read_char_arr_int_int
java.io.InputStreamReader_ready.meth,sun.nio.cs.StreamDecoder_ready
java.io.OutputStreamWriter_init_java.io.OutputStream_java.lang.String.meth,java.lang.NullPointerException_init_java.lang.String
java.io.OutputStreamWriter_init_java.io.OutputStream_java.lang.String.meth,sun.nio.cs.StreamEncoder_forOutputStreamWriter_java.io.OutputStream_java.lang.Object_java.lang.String
java.io.OutputStreamWriter_init_java.io.OutputStream_java.nio.charset.Charset.meth,java.lang.NullPointerException_init_java.lang.String
java.io.OutputStreamWriter_init_java.io.OutputStream_java.nio.charset.Charset.meth,sun.nio.cs.StreamEncoder_forOutputStreamWriter_java.io.OutputStream_java.lang.Object_java.nio.charset.Charset
java.io.OutputStreamWriter_init_java.io.OutputStream_java.nio.charset.CharsetEncoder.meth,java.lang.NullPointerException_init_java.lang.String
java.io.OutputStreamWriter_init_java.io.OutputStream_java.nio.charset.CharsetEncoder.meth,sun.nio.cs.StreamEncoder_forOutputStreamWriter_java.io.OutputStream_java.lang.Object_java.nio.charset.CharsetEncoder
java.io.OutputStreamWriter_getEncoding.meth,sun.nio.cs.StreamEncoder_getEncoding
java.io.OutputStreamWriter_flushBuffer.meth,sun.nio.cs.StreamEncoder_flushBuffer
java.io.OutputStreamWriter_write_int.meth,sun.nio.cs.StreamEncoder_write_int
java.io.OutputStreamWriter_write_char_arr_int_int.meth,sun.nio.cs.StreamEncoder_write_char_arr_int_int
java.io.OutputStreamWriter_write_java.lang.String_int_int.meth,sun.nio.cs.StreamEncoder_write_java.lang.String_int_int
java.io.OutputStreamWriter_flush.meth,sun.nio.cs.StreamEncoder_flush
java.io.PrintStream_requireNonNull_java.lang.Object_java.lang.String.meth,java.lang.NullPointerException_init_java.lang.String
java.io.PrintStream_toCharset_java.lang.String.meth,java.io.UnsupportedEncodingException_init_java.lang.String
java.io.PrintStream_ensureOpen.meth,java.io.IOException_init_java.lang.String
java.lang.Float_toString_float.meth,sun.misc.FloatingDecimal_toJavaFormatString_float
java.lang.AbstractStringBuilder_substring_int_int.meth,java.lang.StringIndexOutOfBoundsException_init_int
java.lang.AbstractStringBuilder_substring_int_int.meth,java.lang.StringIndexOutOfBoundsException_init_int
java.lang.AbstractStringBuilder_substring_int_int.meth,java.lang.StringIndexOutOfBoundsException_init_int
java.util.Objects_requireNonNull_java.lang.Object_java.lang.String.meth,java.lang.NullPointerException_init_java.lang.String
java.io.PrintWriter_toCharset_java.lang.String.meth,java.io.UnsupportedEncodingException_init_java.lang.String
java.io.PrintWriter_ensureOpen.meth,java.io.IOException_init_java.lang.String
java.io.PushbackInputStream_read_byte_arr_int_int.meth,java.lang.NullPointerException_init
java.io.PushbackInputStream_read_byte_arr_int_int.meth,java.lang.IndexOutOfBoundsException_init
java.io.PushbackInputStream_read_byte_arr_int_int.meth,java.lang.System_native_arraycopy_java.lang.Object_int_java.lang.Object_int_int
java.io.PushbackInputStream_unread_byte_arr_int_int.meth,java.io.IOException_init_java.lang.String
java.io.PushbackInputStream_unread_byte_arr_int_int.meth,java.lang.System_native_arraycopy_java.lang.Object_int_java.lang.Object_int_int
java.io.PushbackInputStream_reset.meth,java.io.IOException_init_java.lang.String
java.io.Reader_skip_long.meth,java.lang.IllegalArgumentException_init_java.lang.String
java.io.Reader_mark_int.meth,java.io.IOException_init_java.lang.String
java.io.Reader_reset.meth,java.io.IOException_init_java.lang.String
java.io.StreamTokenizer_init_java.io.InputStream.meth,java.lang.NullPointerException_init
java.io.StreamTokenizer_init_java.io.Reader.meth,java.lang.NullPointerException_init
java.io.StreamTokenizer_read.meth,java.lang.IllegalStateException_init
java.lang.AbstractStringBuilder_append_double.meth,sun.misc.FloatingDecimal_appendTo_double_java.lang.Appendable
java.io.StringReader_ensureOpen.meth,java.io.IOException_init_java.lang.String
java.io.StringReader_mark_int.meth,java.lang.IllegalArgumentException_init_java.lang.String
java.io.StringWriter_init_int.meth,java.lang.IllegalArgumentException_init_java.lang.String
java.io.StringWriter_write_char_arr_int_int.meth,java.lang.IndexOutOfBoundsException_init

